Image Name,IOU score,Anchor Score,Boolean score
4AK606_1_2FNLImage2.png,0.671118530884808,0.6831955922865014,1.0
4AK606_1_4LDImage3.png,0.8519825617604319,0.4923913433585759,1.0
4AK606_1_5LDImage1.png,0.2664772979450535,0.6689234184239734,1.0
4AK606_1_5LDImage2.png,0.17186279383566508,0.5514176473509111,1.0
4AK606_1_5LDImage3.png,0.8570967845970264,0.49272596387256623,1.0
4AK606_1_6FNLImage3.png,0.39209726443769,0.6717391304347826,1.0
4AK606_1_6LDImage2.png,0.43743990384615383,0.7303105133189723,1.0
EDDF07C1_1FNLImage3.png,0.46648793565683644,0.7611607142857143,1.0
EDDF07C1_1LDImage3.png,0.9317756175867297,0.5064263139412385,1.0
EDDF07C1_2FNLImage2.png,0.8328358208955224,0.7247706422018348,1.0
EDDF07C1_2LDImage1.png,0.23443681506070665,0.4253139860992562,1.0
EDDF07C1_2LDImage2.png,0.04595097014058325,0.4939516129032258,1.0
EDDF07C1_2LDImage3.png,0.0,0.5343511450381679,0.0
EDDF07C1_3LDImage1.png,0.8291909973884211,0.5313536189935333,1.0
EDDF07C1_3LDImage2.png,0.04307044410413476,0.6114058355437666,1.0
EDDF07C1_4FNLImage1.png,0.7893175074183977,0.7626666666666667,1.0
EDDF07C1_4FNLImage3.png,0.8921892189218922,0.599712023038157,1.0
EDDF07C1_4FNLImage4.png,0.9067974772249474,0.560455486542443,1.0
EDDF07C1_5FNLImage3.png,0.7315436241610739,0.7569444444444444,1.0
EDDF07C1_5FNLImage5.png,0.7690217391304348,0.6121399176954733,1.0
EDDF07C1_6FNLImage2.png,0.0,0.7734375,1.0
EDDF07C1_6FNLImage4.png,0.3225458468176915,0.6349924585218703,1.0
EDDF07C1_6FNLImage5.png,0.7735973597359735,0.6043478260869565,1.0
EDDF07C1_6FNLImage6.png,0.8567041965199591,0.5798922800718133,1.0
EDDF07C1_7FNLImage2.png,0.7952380952380952,0.8099173553719008,1.0
EDDF07C1_7FNLImage4.png,0.8253968253968254,0.8,1.0
EDDF07C1_7FNLImage6.png,0.9049657534246576,0.6323787258912916,1.0
EDDF07C1_8LDImage2.png,0.13586692569208353,0.49054905490549056,1.0
EDDF07C1_9FNLImage1.png,0.7751937984496124,0.6590257879656161,1.0
EDDF07C1_9FNLImage4.png,0.8877551020408163,0.625,1.0
EDDF07C1_9LDImage2.png,0.0,0.0,0.0
EDDF07L1_1FNLImage3.png,0.7725321888412017,0.6423611111111112,1.0
EDDF07L1_1FNLImage5.png,0.9039039039039038,0.6765641569459173,1.0
EDDF07L1_1FNLImage6.png,0.8923311325545963,0.6609426379247351,1.0
EDDF07L1_1LDImage2.png,0.1970312943178595,0.5057477678571428,1.0
EDDF07L1_2FNLImage2.png,0.8142076502732241,0.717948717948718,1.0
EDDF07L1_2FNLImage6.png,0.7320954907161804,0.64818401937046,1.0
EDDF07L1_2LDImage1.png,0.05458975372053207,0.5540453074433657,1.0
EDDF07L1_2LDImage2.png,0.0,0.5723270440251572,1.0
EDDF07L1_2LDImage3.png,0.0,0.0,0.0
EDDF07L1_3FNLImage5.png,0.861648016276704,0.687125748502994,1.0
EDDF07L1_3LDImage4.png,0.0,0.5142503097893433,1.0
EDDF07L1_4FNLImage2.png,0.8018433179723502,0.6853146853146853,1.0
EDDF07L1_4FNLImage3.png,0.7870967741935484,0.7264957264957265,1.0
EDDF07L1_4LDImage2.png,0.13988269794721409,0.4947528307097487,1.0
EDDF07L1_4LDImage3.png,0.639118127815652,0.32624742228303816,1.0
EDDF07L1_5FNLImage3.png,0.7097902097902098,0.7898550724637681,1.0
EDDF07L1_5LDImage2.png,0.8219389487329856,0.5592903252333374,1.0
EDDF07L1_6FNLImage2.png,0.7602339181286549,0.6271929824561403,1.0
EDDF07L1_6FNLImage3.png,0.7831325301204819,0.6775244299674267,1.0
EDDF07L1_6FNLImage4.png,0.851581508515815,0.6418685121107266,1.0
EDDF07L1_6LDImage1.png,0.14473684210526316,0.5173004453579994,1.0
EDDF07L1_7FNLImage4.png,0.7765089722675367,0.7892156862745098,1.0
EDDF07L1_7LDImage2.png,0.11265099223468507,0.5977304964539008,1.0
EDDF07L1_8FNLImage3.png,0.780373831775701,0.6585365853658537,1.0
EDDF07L1_9FNLImage4.png,0.7808857808857809,0.7370517928286853,1.0
EDDF07L1_9LDImage4.png,0.0,0.0,0.0
EDDF07R1_1FNLImage3.png,0.8186274509803921,0.8363636363636363,1.0
EDDF07R1_1FNLImage5.png,0.8879120879120879,0.6514705882352941,1.0
EDDF07R1_1FNLImage6.png,0.8344965104685942,0.6012158054711246,1.0
EDDF07R1_2FNLImage2.png,0.7637362637362637,0.9107142857142857,1.0
EDDF07R1_2FNLImage3.png,0.7906137184115524,0.7938461538461539,1.0
EDDF07R1_2FNLImage4.png,0.7758186397984886,0.7329545454545454,1.0
EDDF07R1_2FNLImage5.png,0.8367952522255193,0.6478048780487805,1.0
EDDF07R1_2LDImage1.png,0.12925829704709282,0.40751051016929896,1.0
EDDF07R1_2LDImage3.png,0.0,0.5585365853658537,1.0
EDDF07R1_3FNLImage3.png,0.757085020242915,0.8041958041958042,1.0
EDDF07R1_3FNLImage4.png,0.7686567164179104,0.8013392857142857,1.0
EDDF07R1_3FNLImage5.png,0.8031746031746032,0.6819221967963387,1.0
EDDF07R1_3FNLImage6.png,0.8771353482260184,0.5932611311672683,1.0
EDDF07R1_3LDImage1.png,0.9063352792842585,0.48820542337006473,1.0
EDDF07R1_4FNLImage1.png,0.6132596685082873,0.7592592592592593,1.0
EDDF07R1_4FNLImage4.png,0.8115942028985508,0.765625,1.0
EDDF07R1_4LDImage1.png,0.9812415827614955,0.5271002710027101,1.0
EDDF07R1_5FNLImage3.png,0.7777777777777778,0.8106060606060606,1.0
EDDF07R1_5FNLImage5.png,0.7355021216407355,0.7068181818181818,1.0
EDDF07R1_6LDImage1.png,0.9245352832349573,0.48526984763797837,1.0
EDDF07R1_7FNLImage3.png,0.8176470588235294,0.7642857142857142,1.0
EDDF07R1_8FNLImage1.png,0.0,0.6113744075829384,1.0
EDDF07R1_8FNLImage3.png,0.4950980392156863,0.8268398268398268,1.0
EDDF07R1_8FNLImage4.png,0.8754208754208754,0.8024691358024691,1.0
EDDF07R1_8LDImage1.png,0.9410985836376038,0.49009741775513804,1.0
EDDF07R1_8LDImage2.png,0.8247536564888869,0.4873707169492718,1.0
EDDF07R1_9LDImage1.png,0.6742199755970019,0.5451328889986011,1.0
EDDF25C1_1FNLImage1.png,0.32515337423312884,0.7285714285714285,1.0
EDDF25C1_1FNLImage7.png,0.9557615583196433,0.5449786739046142,1.0
EDDF25C1_1LDImage3.png,0.8603836530442035,0.49560776302349335,1.0
EDDF25C1_2FNLImage1.png,0.7133757961783439,0.83125,1.0
EDDF25C1_2FNLImage2.png,0.7464114832535885,0.7489878542510121,1.0
EDDF25C1_2FNLImage3.png,0.8272058823529411,0.7275362318840579,1.0
EDDF25C1_2FNLImage5.png,0.8507042253521127,0.7121693121693121,1.0
EDDF25C1_2FNLImage6.png,0.9090330788804071,0.6106408706166868,1.0
EDDF25C1_2LDImage1.png,0.11395452188726761,0.5004089645018812,1.0
EDDF25C1_2LDImage2.png,0.024352368179572245,0.4798807749627422,1.0
EDDF25C1_3FNLImage2.png,0.6910994764397905,0.7428571428571429,1.0
EDDF25C1_3LDImage1.png,0.8133118943849702,0.5286948078495503,1.0
EDDF25C1_3LDImage2.png,0.17151146254053132,0.47711571675302245,1.0
EDDF25C1_4FNLImage3.png,0.7649122807017544,0.7275362318840579,1.0
EDDF25C1_4FNLImage7.png,0.9473416864205892,0.5362085613131639,1.0
EDDF25C1_4LDImage2.png,0.7379937892684336,0.45881435836519546,1.0
EDDF25C1_5FNLImage4.png,0.7977777777777778,0.6661290322580645,1.0
EDDF25C1_5FNLImage5.png,0.8705416116248349,0.647005444646098,1.0
EDDF25C1_6FNLImage1.png,0.4421768707482993,0.8979591836734694,1.0
EDDF25C1_6FNLImage2.png,0.616580310880829,0.705,1.0
EDDF25C1_6FNLImage5.png,0.8167613636363636,0.6798245614035088,1.0
EDDF25C1_7FNLImage3.png,0.7832167832167832,0.7666666666666667,1.0
EDDF25C1_7FNLImage6.png,0.646112600536193,0.5869202535869202,1.0
EDDF25C1_7LDImage2.png,0.6562168470188839,0.5506998000571265,1.0
EDDF25C1_7LDImage3.png,0.790732277606547,0.5249955097886607,1.0
EDDF25C1_8FNLImage1.png,0.5947712418300654,0.8814814814814815,1.0
EDDF25C1_8FNLImage3.png,0.7100840336134454,0.7644927536231884,1.0
EDDF25C1_9LDImage4.png,0.037625335054105036,0.8288770053475936,1.0
EDDF25C2_1FNLImage2.png,0.69377990430622,0.7692307692307693,1.0
EDDF25C2_1LDImage1.png,0.9821691118966435,0.5244121163810282,1.0
EDDF25C2_1LDImage3.png,0.8992838160443223,0.4933004312631166,1.0
EDDF25C2_2FNLImage4.png,0.8096774193548387,0.6188436830835118,1.0
EDDF25C2_2FNLImage5.png,0.8298969072164949,0.6492718446601942,1.0
EDDF25C2_2LDImage3.png,0.1360107330591418,0.49932243921881225,1.0
EDDF25C2_2LDImage4.png,0.06519989942167463,0.41426282051282054,1.0
EDDF25C2_2LDImage5.png,0.06970229952446094,0.5193798449612403,1.0
EDDF25C2_3FNLImage1.png,0.7402597402597403,0.7081339712918661,1.0
EDDF25C2_3FNLImage3.png,0.7071129707112971,0.7137681159420289,1.0
EDDF25C2_3FNLImage4.png,0.8096446700507615,0.6666666666666666,1.0
EDDF25C2_3LDImage1.png,0.9250809537827495,0.5546122124947626,1.0
EDDF25C2_4FNLImage3.png,0.7038327526132404,0.7739130434782608,1.0
EDDF25C2_4FNLImage4.png,0.8287841191066998,0.7019400352733686,1.0
EDDF25C2_4LDImage4.png,0.8815748196172749,0.502203497879653,1.0
EDDF25C2_5FNLImage3.png,0.7681818181818182,0.7961538461538461,1.0
EDDF25C2_5FNLImage7.png,0.868711233631978,0.5925767002789101,1.0
EDDF25C2_5LDImage1.png,0.9151547765477654,0.5279473723113313,1.0
EDDF25C2_6FNLImage1.png,0.5865921787709497,0.7894736842105263,1.0
EDDF25C2_6FNLImage2.png,0.5897435897435898,0.815,1.0
EDDF25C2_6FNLImage3.png,0.6863636363636364,0.7461538461538462,1.0
EDDF25C2_6LDImage1.png,0.9795227691384998,0.5172932330827068,1.0
EDDF25C2_7FNLImage3.png,0.7890625,0.8181818181818182,1.0
EDDF25C2_7FNLImage5.png,0.606020942408377,0.6502659574468085,1.0
EDDF25C2_7FNLImage6.png,0.7126436781609196,0.4871563767462821,1.0
EDDF25C2_7FNLImage7.png,0.1872535711977248,0.5858223815213063,1.0
EDDF25C2_7LDImage1.png,0.979066653603736,0.5183495749533485,1.0
EDDF25C2_8FNLImage2.png,0.5932203389830508,0.7944444444444444,1.0
EDDF25C2_LDImage2.png,0.9338634122287969,0.48675623800383877,1.0
EDDF25C2_LDImage3.png,0.8545753366557098,0.46162469581385174,1.0
EDDF25L1_1FNLImage3.png,0.5915119363395226,0.6382978723404256,1.0
EDDF25L1_1FNLImage4.png,0.13908543668814025,0.5740971357409713,1.0
EDDF25L1_2FNLImage6.png,0.8392282958199357,0.6662857142857143,1.0
EDDF25L1_2LDImage2.png,0.08056315995307001,0.598030697943817,1.0
EDDF25L1_3FNLImage2.png,0.7350993377483444,0.7294117647058823,1.0
EDDF25L1_3LDImage3.png,0.0,0.0,0.0
EDDF25L1_4FNLImage3.png,0.7032258064516129,0.7402912621359223,1.0
EDDF25L1_4LDImage2.png,0.9329307191766257,0.4857365429768932,1.0
EDDF25L1_5FNLImage5.png,0.7407407407407407,0.8076923076923077,1.0
EDDF25L1_5LDImage1.png,0.9651726941333822,0.5401083274977492,1.0
EDDF25L1_6FNLImage1.png,0.5594059405940595,0.7142857142857143,1.0
EDDF25L1_6FNLImage8.png,0.26042368053037757,0.5661347889985303,1.0
EDDF25L1_6LDImage1.png,0.8728879336079766,0.4605274182061916,1.0
EDDF25L1_7FNLImage4.png,0.8575949367088608,0.6945701357466063,1.0
EDDF25L1_7FNLImage5.png,0.7725321888412017,0.625,1.0
EDDF25L1_7LDImage3.png,0.7153562863994518,0.5319545996879493,1.0
EDDF25L1_7LDImage4.png,0.7911976379405794,0.5371472948485633,1.0
EDDF25L1_8FNLImage2.png,0.6327433628318584,0.8111111111111111,1.0
EDDF25L1_8FNLImage4.png,0.6577181208053692,0.7777777777777778,1.0
EDDF25L1_8FNLImage5.png,0.7741273100616016,0.7279411764705882,1.0
EDDF25L1_8FNLImage8.png,0.6892354956871086,0.5300100452034153,1.0
EDDF25L1_8LDImage2.png,0.7978926333000272,0.45530428999002326,1.0
EDDF25L1_9LDImage3.png,0.0,0.0,0.0
EDDF25R1_2FNLImage1.png,0.6099290780141844,0.84,1.0
EDDF25R1_2FNLImage3.png,0.8009708737864077,0.8377192982456141,1.0
EDDF25R1_2LDImage1.png,0.103243153211031,0.4069409459837671,1.0
EDDF25R1_3FNLImage2.png,0.8333333333333334,0.6813725490196079,1.0
EDDF25R1_3FNLImage3.png,0.7702127659574468,0.8512396694214877,1.0
EDDF25R1_3FNLImage6.png,0.8430232558139535,0.6513513513513514,1.0
EDDF25R1_3LDImage1.png,0.08513513513513514,0.6457845433255269,1.0
EDDF25R1_4FNLImage5.png,0.8293736501079914,0.6435483870967742,1.0
EDDF25R1_4FNLImage6.png,0.8185654008438819,0.6331738437001595,1.0
EDDF25R1_4LDImage1.png,0.6017659044600407,0.5296761401189689,1.0
EDDF25R1_4LDImage2.png,0.8543476185931087,0.5092819801557665,1.0
EDDF25R1_5FNLImage4.png,0.847972972972973,0.8717948717948718,1.0
EDDF25R1_5FNLImage7.png,0.8589616073204694,0.6341664377918155,1.0
EDDF25R1_5LDImage1.png,0.7520226165302932,0.540009655422123,1.0
EDDF25R1_5LDImage2.png,0.6933463082350079,0.4575562375636572,1.0
EDDF25R1_6FNLImage6.png,0.8417061611374408,0.6114864864864865,1.0
EDDF25R1_6LDImage1.png,0.8377503468393156,0.45970608923784717,1.0
EDDF25R1_7FNLImage1.png,0.35333333333333333,0.78,1.0
EDDF25R1_7FNLImage2.png,0.3023255813953488,0.751131221719457,1.0
EDDF25R1_7FNLImage4.png,0.38271604938271603,0.7088122605363985,1.0
EDDF25R1_8FNLImage1.png,0.6923076923076923,0.7916666666666666,1.0
EDDF25R1_9FNLImage6.png,0.7893013100436681,0.6927083333333334,1.0
EDDF25R1_9FNLImage7.png,0.8529723991507431,0.6240396530359356,1.0
EDDF36_1_1FNLImage3.png,0.8788788788788788,0.5806646525679758,1.0
EDDF36_1_1LDImage2.png,0.4092200308416525,0.553790575359932,1.0
EDDF36_1_2FNLImage2.png,0.7601626016260162,0.7115384615384616,1.0
EDDF36_1_2FNLImage3.png,0.7518518518518519,0.7202380952380952,1.0
EDDF36_1_2FNLImage4.png,0.877906976744186,0.6507936507936508,1.0
EDDF36_1_2FNLImage6.png,0.8852785145888594,0.5993336109954186,1.0
EDDF36_1_2LDImage1.png,0.019047969935892712,0.603448275862069,1.0
EDDF36_1_3FNLImage2.png,0.7786561264822134,0.6553846153846153,1.0
EDDF36_1_3FNLImage3.png,0.8093525179856115,0.6895604395604396,1.0
EDDF36_1_3FNLImage6.png,0.8813370473537604,0.5473316391359594,1.0
EDDF36_1_4FNLImage6.png,0.8125384142593731,0.5771186440677966,1.0
EDDF36_1_4LDImage1.png,0.7287818272591113,0.5496919859839494,1.0
EDDF36_1_5FNLImage4.png,0.8039772727272727,0.6971677559912854,1.0
EDDF36_1_7FNLImage6.png,0.834878587196468,0.574265505984766,1.0
EDDF36_1_7LDImage1.png,0.4485179825266656,0.6900423641673179,1.0
EDDF36_1_7LDImage4.png,0.03741900464769142,0.713568750755835,1.0
EDDF36_1_8FNLImage6.png,0.8932038834951457,0.5910742086144266,1.0
EDDF36_1_9FNLImage1.png,0.7639751552795031,0.7888888888888889,1.0
EDDF36_1_9FNLImage6.png,0.8519615099925981,0.5608904408555216,1.0
EDDF36_1_9LDImage1.png,0.8060403569701499,0.508015658495666,1.0
EDDF36_1_9LDImage2.png,0.4420162143108918,0.5448942827344269,1.0
EDFE26_1_10FNLImage6.png,0.8218884120171673,0.7250673854447439,1.0
EDFE26_1_10LDImage3.png,0.11882279457691884,0.5610283315844701,1.0
EDFE26_1_1FNLImage1.png,0.0,0.0,0.0
EDFE26_1_1FNLImage2.png,0.0,0.0,0.0
EDFE26_1_1FNLImage5.png,0.6486486486486487,0.75,1.0
EDFE26_1_2FNLImage2.png,0.5870069605568445,0.7119565217391305,1.0
EDFE26_1_2FNLImage3.png,0.49251497005988026,0.7370600414078675,1.0
EDFE26_1_2FNLImage4.png,0.23491396091255937,0.676205150781422,1.0
EDFE26_1_2LDImage1.png,0.7579386785662876,0.80444309600863,1.0
EDFE26_1_3FNLImage1.png,0.0,0.0,0.0
EDFE26_1_3FNLImage2.png,0.0,0.0,0.0
EDFE26_1_3FNLImage6.png,0.7712609970674487,0.7842105263157895,1.0
EDFE26_1_3LDImage1.png,0.978544712682761,0.5478195488721804,1.0
EDFE26_1_3LDImage3.png,0.6098543330871987,0.30484754572408157,1.0
EDFE26_1_4FNLImage3.png,0.7710843373493976,0.81,1.0
EDFE26_1_4FNLImage6.png,0.49956933677863913,0.5515394912985274,1.0
EDFE26_1_4LDImage2.png,0.882210156499521,0.504740105563432,1.0
EDFE26_1_5FNLImage5.png,0.77,0.7718446601941747,1.0
EDFE26_1_5LDImage1.png,0.9669507101086049,0.5674045432576124,1.0
EDFE26_1_7FNLImage1.png,0.0,0.0,0.0
EDFE26_1_7FNLImage3.png,0.7037037037037037,0.8285714285714286,1.0
EDFE26_1_7FNLImage7.png,0.7541528239202658,0.7924731182795699,1.0
EDFE26_1_8FNLImage1.png,0.6879432624113475,0.8676470588235294,1.0
EDFE26_1_9FNLImage4.png,0.6260869565217392,0.8645833333333334,1.0
EDFE26_1_9FNLImage8.png,0.5408046574487992,0.6026618132180639,1.0
ETOU07_1_10FNLImage2.png,0.6371681415929203,0.7571428571428571,1.0
ETOU07_1_10FNLImage6.png,0.8135245901639344,0.6785714285714286,1.0
ETOU07_1_10LDImage1.png,0.9745886358109751,0.5178992497320472,1.0
ETOU07_1_1FNLImage2.png,0.7872340425531915,0.8761904761904762,1.0
ETOU07_1_1FNLImage5.png,0.8045325779036827,0.6949891067538126,1.0
ETOU07_1_1FNLImage6.png,0.8699186991869918,0.5449275362318841,1.0
ETOU07_1_1LDImage1.png,0.9658344672543335,0.5057636664655186,1.0
ETOU07_1_1LDImage3.png,0.05961638154484189,0.4664086097181901,1.0
ETOU07_1_2FNLImage3.png,0.6326530612244898,0.7222222222222222,1.0
ETOU07_1_2FNLImage4.png,0.6165413533834586,0.8133333333333334,1.0
ETOU07_1_2FNLImage7.png,0.8921404682274248,0.5948979591836735,1.0
ETOU07_1_2LDImage2.png,0.8477949236866514,0.5057512580877067,1.0
ETOU07_1_2LDImage3.png,0.826232061408388,0.4770142607858475,1.0
ETOU07_1_3FNLImage5.png,0.7556390977443609,0.7124183006535948,1.0
ETOU07_1_3FNLImage7.png,0.8460321645135777,0.5188360978352544,1.0
ETOU07_1_3LDImage1.png,0.8098462344923991,0.47900885278817196,1.0
ETOU07_1_6FNLImage1.png,0.6389261744966444,0.8080808080808081,1.0
ETOU07_1_6FNLImage3.png,0.8035498879889712,0.5395322412650317,1.0
ETOU07_1_6LDImage1.png,0.964452119513864,0.5187776269534649,1.0
ETOU07_1_7FNLImage1.png,0.0,0.0,0.0
ETOU07_1_7FNLImage3.png,0.0,0.0,0.0
ETOU07_1_7LDImage3.png,0.9289106346236868,0.4979416282642089,1.0
ETOU07_1_8LDImage3.png,0.8806110458284371,0.5188743133763074,1.0
ETOU07_1_9FNLImage5.png,0.7325581395348837,0.7152777777777778,1.0
ETOU25_1_10LDImage1.png,0.9720890165111271,0.5229317632850241,1.0
ETOU25_1_10LDImage2.png,0.9246061649980264,0.50310629593151,1.0
ETOU25_1_1FNLImage3.png,0.675,0.78,1.0
ETOU25_1_1FNLImage4.png,0.7471910112359551,0.8277511961722488,1.0
ETOU25_1_1FNLImage6.png,0.8603104212860311,0.6480891719745223,1.0
ETOU25_1_2FNLImage4.png,0.7843137254901961,0.7121212121212122,1.0
ETOU25_1_2FNLImage6.png,0.8478260869565217,0.6238839285714286,1.0
ETOU25_1_2FNLImage7.png,0.9098666666666667,0.5576138147566719,1.0
ETOU25_1_2LDImage1.png,0.8576395522102931,0.5298592380310182,1.0
ETOU25_1_3FNLImage4.png,0.7312775330396476,0.6761006289308176,1.0
ETOU25_1_3FNLImage5.png,0.887719298245614,0.6948717948717948,1.0
ETOU25_1_4FNLImage1.png,0.0,0.0,0.0
ETOU25_1_4FNLImage7.png,0.8992562542258282,0.5556004852405985,1.0
ETOU25_1_4LDImage2.png,0.9359521570329644,0.5025063447770806,1.0
ETOU25_1_5FNLImage4.png,0.8385650224215246,0.7324414715719063,1.0
ETOU25_1_6FNLImage5.png,0.8134777376654633,0.7545638945233266,1.0
ETOU25_1_7FNLImage3.png,0.6405228758169934,0.7972027972027972,1.0
ETOU25_1_7FNLImage4.png,0.68359375,0.7130434782608696,1.0
ETOU25_1_7FNLImage5.png,0.8354755784061697,0.7941176470588235,1.0
ETOU25_1_7FNLImage6.png,0.8235294117647058,0.6383125864453665,1.0
ETOU25_1_7LDImage3.png,0.7660769307225922,0.415052243256975,1.0
ETOU25_1_8FNLImage5.png,0.7889447236180904,0.6354581673306773,1.0
ETOU25_1_8FNLImage6.png,0.5319298245614035,0.4868263473053892,1.0
ETOU25_1_8LDImage1.png,0.907435421721136,0.5327035339903333,1.0
ETOU25_1_9FNLImage1.png,0.0,0.0,0.0
FACT19_1_1FNLImage5.png,0.734375,0.6521739130434783,1.0
FACT19_1_1LDImage1.png,0.9895998003161661,0.5161439514380691,1.0
FACT19_1_2FNLImage6.png,0.9395924308588064,0.6280170373876006,1.0
FACT19_1_2LDImage1.png,0.8447464438686478,0.48202798146565295,1.0
FACT19_2_1FNLImage4.png,0.8006230529595015,0.7571428571428571,1.0
FACT19_2_1FNLImage6.png,0.9235023041474655,0.5835678109172763,1.0
FACT19_2_2LDImage2.png,0.9247034320383953,0.5168715442338072,1.0
FACT19_3_1FNLImage1.png,0.7829457364341085,0.8923076923076924,1.0
FACT19_3_1FNLImage2.png,0.8514588859416445,0.7398190045248869,1.0
FACT19_3_1LDImage4.png,0.5285574810837198,0.3003752651329744,1.0
FACT19_3_2LDImage1.png,0.9882864238410596,0.5234027640887488,1.0
FACT19_3_2LDImage3.png,0.8547855530474041,0.543302296710118,1.0
FACT19_4_1LDImage1.png,0.0,0.0,0.0
FACT19_5_1FNLImage3.png,0.7439544807965861,0.5950920245398773,1.0
FACT19_5_1LDImage1.png,0.8735506453730038,0.5770210483979086,1.0
FACT19_5_1LDImage3.png,0.8829887218045113,0.5726050092583569,0.0
FACT19_6_1LDImage1.png,0.8764738694723884,0.5112601767136634,1.0
FACT19_6_1LDImage2.png,0.9661498183963568,0.5054833762551,1.0
KASE15_1_10FNLImage1.png,0.1138996138996139,0.5555555555555556,1.0
KASE15_1_10FNLImage4.png,0.7905138339920948,0.797979797979798,1.0
KASE15_1_10FNLImage6.png,0.8563458856345886,0.6883116883116883,1.0
KASE15_1_10FNLImage7.png,0.8977621763931549,0.5986263736263736,1.0
KASE15_1_10LDImage2.png,0.0,0.0,0.0
KASE15_1_1FNLImage1.png,0.44360902255639095,0.7181208053691275,1.0
KASE15_1_1FNLImage2.png,0.5838509316770186,0.7842105263157895,1.0
KASE15_1_1FNLImage7.png,0.8661844484629295,0.6670918367346939,1.0
KASE15_1_2FNLImage5.png,0.8178438661710037,0.827922077922078,1.0
KASE15_1_2FNLImage6.png,0.8119266055045872,0.8403361344537815,1.0
KASE15_1_3FNLImage3.png,0.7516778523489933,0.7366771159874608,1.0
KASE15_1_3FNLImage5.png,0.9214474845542807,0.6329631794272356,1.0
KASE15_1_3LDImage2.png,0.6997996700447796,0.38109495295124035,1.0
KASE15_1_4FNLImage2.png,0.48951048951048953,0.7080745341614907,1.0
KASE15_1_4FNLImage7.png,0.8565217391304348,0.668,1.0
KASE15_1_5LDImage2.png,0.7328582301252335,0.4858609912189314,1.0
KASE15_1_6FNLImage4.png,0.9090909090909091,0.5899915895710681,1.0
KASE15_1_7FNLImage3.png,0.7614678899082569,0.7939560439560439,1.0
KASE15_1_7FNLImage5.png,0.859796285200719,0.6272727272727273,1.0
KASE15_1_7LDImage1.png,0.8348313418631701,0.5032780563054378,1.0
KASE15_1_8FNLImage4.png,0.8203592814371258,0.7864583333333334,1.0
KASE15_1_8FNLImage5.png,0.8204081632653061,0.7587412587412588,1.0
KASE15_1_9FNLImage1.png,0.0,0.0,0.0
KASE15_1_9FNLImage2.png,0.8,0.7088607594936709,1.0
KASE15_1_9FNLImage3.png,0.7792207792207793,0.8181818181818182,1.0
KASE15_1_9FNLImage4.png,0.7601626016260162,0.8333333333333334,1.0
KASE15_1_9FNLImage5.png,0.7689873417721519,0.7480106100795756,1.0
KASE33_1_10FNLImage1.png,0.6081081081081081,0.7631578947368421,1.0
KASE33_1_10FNLImage2.png,0.5674418604651162,0.7185185185185186,1.0
KASE33_1_10FNLImage6.png,0.957637546141677,0.5636490807354116,1.0
KASE33_1_1FNLImage2.png,0.6524064171122995,0.7607655502392344,1.0
KASE33_1_1LDImage2.png,0.438271788615467,0.4480916274754455,1.0
KASE33_1_1LDImage3.png,0.05611904678342049,0.5794617011229958,1.0
KASE33_1_2FNLImage1.png,0.6935483870967742,0.7120418848167539,1.0
KASE33_1_2FNLImage2.png,0.8566666666666667,0.832807570977918,1.0
KASE33_1_2FNLImage3.png,0.8344226579520697,0.7838827838827839,1.0
KASE33_1_2FNLImage6.png,0.9809252356939268,0.5437985427175914,1.0
KASE33_1_3FNLImage6.png,0.9891130847624114,0.5196409989594173,1.0
KASE33_1_3LDImage1.png,0.9863420724094881,0.5179225536368394,1.0
KASE33_1_4FNLImage2.png,0.8689024390243902,0.8315508021390374,1.0
KASE33_1_4LDImage1.png,0.98274622573688,0.5165398521396579,1.0
KASE33_1_4LDImage2.png,0.9076035477482132,0.5148553734612189,1.0
KASE33_1_5FNLImage1.png,0.5120481927710844,0.7450980392156863,1.0
KASE33_1_5FNLImage3.png,0.8179190751445087,0.7922077922077922,1.0
KASE33_1_5FNLImage4.png,0.8733205374280231,0.6739130434782609,1.0
KASE33_1_6FNLImage1.png,0.7435897435897436,0.7875,1.0
KASE33_1_6FNLImage2.png,0.7457627118644068,0.8214285714285714,1.0
KASE33_1_6FNLImage4.png,0.8785357737104825,0.6677777777777778,1.0
KASE33_1_6LDImage4.png,0.7168226710770169,0.4511955952395454,1.0
KASE33_1_7FNLImage5.png,0.9233926128590971,0.5870833333333333,1.0
KASE33_1_8FNLImage2.png,0.8721264367816092,0.6715291750503019,1.0
KASE33_1_8FNLImage3.png,0.981433506044905,0.552044252044252,1.0
KASE33_1_8LDImage1.png,0.9776060735383302,0.5109087281561374,1.0
KASE33_1_9FNLImage1.png,0.0,0.0,0.0
KASE33_1_9FNLImage5.png,0.865546218487395,0.6314229249011858,1.0
KASE33_1_9FNLImage7.png,0.984023402340234,0.5454808327825512,1.0
KJAC01_1_10LDImage1.png,0.9890849782535965,0.52874101843174,1.0
KJAC01_1_2FNLImage3.png,0.5197541703248464,0.6233031674208145,1.0
KJAC01_1_2FNLImage4.png,0.88609397247271,0.6220984215413184,1.0
KJAC01_1_2LDImage2.png,0.9794474881873786,0.5234104403760514,1.0
KJAC01_1_3FNLImage3.png,0.531738730450782,0.6182572614107884,1.0
KJAC01_1_4FNLImage3.png,0.8944174757281553,0.7271914132379249,1.0
KJAC01_1_6LDImage2.png,0.9882469985161203,0.5168262026900771,1.0
KJAC01_1_7FNLImage2.png,0.9001085776330076,0.6968992248062016,1.0
KJAC01_1_8FNLImage1.png,0.7619047619047619,0.7333333333333333,1.0
KJAC01_1_8FNLImage2.png,0.8348134991119005,0.62875,1.0
KJAC01_1_8LDImage2.png,0.6907367253290303,0.5768561607989023,1.0
KJAC01_1_9FNLImage1.png,0.8217054263565892,0.8125,1.0
KJAC01_1_9FNLImage3.png,0.8674556213017751,0.7352415026833632,1.0
KJAC01_1_9LDImage3.png,0.8002878157978893,0.454249883882954,1.0
KJAC19_1_10FNLImage1.png,0.6911764705882353,0.84375,1.0
KJAC19_1_10LDImage1.png,0.8951088061826317,0.5178415167719981,1.0
KJAC19_1_1FNLImage1.png,0.676056338028169,0.8176470588235294,1.0
KJAC19_1_1FNLImage5.png,0.9046483909415971,0.6533864541832669,1.0
KJAC19_1_3FNLImage1.png,0.46543778801843316,0.7233333333333334,1.0
KJAC19_1_3FNLImage2.png,0.569811320754717,0.7886904761904762,1.0
KJAC19_1_3LDImage2.png,0.5841886504368479,0.5606584485868912,1.0
KJAC19_1_4FNLImage2.png,0.7563451776649747,0.7380952380952381,1.0
KJAC19_1_4FNLImage5.png,0.9131672597864768,0.6382978723404256,1.0
KJAC19_1_4LDImage1.png,0.8497501594726771,0.5277433810955835,1.0
KJAC19_1_5FNLImage1.png,0.3163265306122449,0.75,1.0
KJAC19_1_5LDImage2.png,0.8486864506665969,0.5332497603421577,1.0
KJAC19_1_5LDImage3.png,0.8704839395227397,0.4941694169416942,1.0
KJAC19_1_6FNLImage1.png,0.41228070175438597,0.8240740740740741,1.0
KJAC19_1_7FNLImage4.png,0.9144602851323829,0.7175925925925926,1.0
KJAC19_1_7LDImage1.png,0.8602185437628476,0.5436447862419765,1.0
KJAC19_1_8FNLImage1.png,0.782608695652174,0.8518518518518519,1.0
KJAC19_1_8FNLImage2.png,0.6870748299319728,0.676923076923077,1.0
KJAC19_1_8FNLImage3.png,0.717948717948718,0.7407407407407407,1.0
KJAC19_1_8FNLImage5.png,0.7002551020408163,0.6783410138248848,1.0
KJAC19_1_8LDImage1.png,0.008708655876143561,0.5469613259668509,1.0
KJAC19_1_9LDImage1.png,0.8773458992727372,0.5327816965093145,1.0
KJFK13R_2LDImage2.png,0.7467155028266582,0.5654429950050919,1.0
KJFK13R_3LDImage2.png,0.8246502653159672,0.5451180472188876,1.0
KJFK13R_4FNLImage4.png,0.85473411154345,0.7322916666666667,1.0
KJFK13R_4FNLImage5.png,0.847239263803681,0.668625678119349,1.0
KJFK13R_6LDImage1.png,0.6185103938159406,0.5326152633652962,1.0
KJFK13R_7FNLImage1.png,0.8405572755417957,0.7212336892052195,1.0
KJFK13R_7LDImage2.png,0.8589053462168578,0.552995651928398,1.0
KJFK13R_8FNLImage4.png,0.7188035519551332,0.6449605972625466,1.0
KJFK13R_8LDImage1.png,0.7855033891961575,0.49295299588021296,1.0
KJFK13R_9FNLImage5.png,0.6829073482428115,0.697991967871486,1.0
KLAX06R1_1FNLImage1.png,0.8605577689243028,0.6756352765321375,1.0
KLAX06R1_1FNLImage2.png,0.38677863489893566,0.5617568890753951,1.0
KLAX06R1_1LDImage1.png,0.6932969602494155,0.4797394429469901,1.0
KLAX06R1_1LDImage4.png,0.023933756805807622,0.5319720580333154,1.0
KLAX06R1_2LDImage3.png,0.9396488927738927,0.5347516894546598,1.0
KLAX06R1_4FNLImage1.png,0.6709006928406467,0.7205707491082045,1.0
KLAX06R1_5LDImage1.png,0.9868469705773599,0.5301242236024845,1.0
KLAX06R1_6FNLImage2.png,0.9243711477594536,0.5656350053361793,1.0
KLAX06R1_6LDImage2.png,0.20820710548058385,0.30690882316848694,1.0
KLAX06R1_7FNLImage2.png,0.6526586620926244,0.6186471663619744,1.0
KLAX06R1_7LDImage2.png,0.3235049142095619,0.5884848484848485,1.0
KLAX06R1_8FNLImage2.png,0.9399927483683829,0.5727071706854796,1.0
KLAX06R1_9LDImage1.png,0.9297313883774725,0.5369446729740848,1.0
KLAX06R1_9LDImage2.png,0.9473233811923553,0.5118232783867459,1.0
KLAX06R1_9LDImage3.png,0.7357950674478811,0.48449380606578385,1.0
LFMT12R1_1FNLImage1.png,0.0,0.0,0.0
LFMT12R1_2FNLImage3.png,0.7358490566037735,0.7166666666666667,1.0
LFMT12R1_3FNLImage1.png,0.0,0.0,0.0
LFMT12R1_3FNLImage6.png,0.8333333333333334,0.6968553459119496,1.0
LFMT12R1_4FNLImage4.png,0.7066666666666667,0.8533333333333334,1.0
LFMT12R1_4FNLImage5.png,0.7346938775510204,0.6886792452830188,1.0
LFMT12R1_4LDImage1.png,0.7481166464155529,0.550674448453733,1.0
LFMT12R1_5FNLImage3.png,0.7717391304347826,0.6460176991150443,1.0
LFMT12R1_5FNLImage4.png,0.7172413793103448,0.8357142857142857,1.0
LFMT12R1_6LDImage2.png,0.8100759029110017,0.5528269282254727,1.0
LFMT12R1_7FNLImage2.png,0.0,0.0,0.0
LFMT12R1_7FNLImage5.png,0.8412162162162162,0.7678571428571429,1.0
LFMT12R1_7FNLImage6.png,0.908675799086758,0.7666666666666667,1.0
LFMT12R1_8FNLImage2.png,0.5,0.8051948051948052,1.0
LFMT12R1_8LDImage1.png,0.6135918620755528,0.5420369104579631,1.0
LFMT12R1_9FNLImage5.png,0.7728706624605678,0.7948717948717948,1.0
LFMT30R1_1FNLImage3.png,0.8514285714285714,0.803030303030303,1.0
LFMT30R1_1FNLImage4.png,0.8283261802575107,0.8412698412698413,1.0
LFMT30R1_1FNLImage5.png,0.795,0.8004201680672269,1.0
LFMT30R1_1LDImage3.png,0.9436976819059885,0.5079489452955853,1.0
LFMT30R1_2FNLImage2.png,0.6896551724137931,0.9191176470588235,1.0
LFMT30R1_2FNLImage3.png,0.6414141414141414,0.8229665071770335,1.0
LFMT30R1_2LDImage3.png,0.9223317690618676,0.4839389266555177,1.0
LFMT30R1_3FNLImage2.png,0.7181208053691275,0.78125,1.0
LFMT30R1_3FNLImage3.png,0.7297297297297297,0.8434343434343434,1.0
LFMT30R1_3FNLImage5.png,0.7944162436548223,0.7183908045977011,1.0
LFMT30R1_3FNLImage6.png,0.8558441558441559,0.6886446886446886,1.0
LFMT30R1_3LDImage4.png,0.8115064345193036,0.43637139200909997,1.0
LFMT30R1_4FNLImage3.png,0.8232044198895028,0.868421052631579,1.0
LFMT30R1_4FNLImage7.png,0.9591106567850753,0.5447304793059309,1.0
LFMT30R1_5FNLImage1.png,0.7338709677419355,0.9107142857142857,1.0
LFMT30R1_5FNLImage2.png,0.8620689655172413,0.9305555555555556,1.0
LFMT30R1_5FNLImage5.png,0.8425,0.7504873294346979,1.0
LFMT30R1_5FNLImage6.png,0.9095580678314491,0.6511627906976745,1.0
LFMT30R1_5LDImage1.png,0.9237012557832122,0.5157335907335907,1.0
LFMT30R1_6FNLImage1.png,0.0,0.0,0.0
LFMT30R1_6FNLImage4.png,0.0,0.5507246376811594,0.0
LFMT30R1_7FNLImage1.png,0.6466165413533834,0.8888888888888888,1.0
LFMT30R1_7FNLImage4.png,0.8078291814946619,0.7916666666666666,1.0
LFMT30R1_7FNLImage5.png,0.8379629629629629,0.717687074829932,1.0
LFMT30R1_7LDImage1.png,0.9897660138623994,0.5246131171702284,1.0
LFMT30R1_8FNLImage3.png,0.8192090395480226,0.8131313131313131,1.0
LFMT30R1_8FNLImage6.png,0.8967517401392111,0.6753968253968254,1.0
LFMT30R1_9FNLImage7.png,0.9666275583365923,0.5251294974100518,1.0
LFPG09R1_1FNLImage6.png,0.8952835485682201,0.6133179811936289,1.0
LFPG09R1_1LDImage1.png,0.06136775362318841,0.3959950960359624,1.0
LFPG09R1_2LDImage1.png,0.9699578355586789,0.5627119210275768,1.0
LFPG09R1_2LDImage2.png,0.898733187363153,0.5254948223882553,1.0
LFPG09R1_3FNLImage5.png,0.8966480446927374,0.6213369963369964,1.0
LFPG09R1_3LDImage2.png,0.09091623139457251,0.4962422160188963,1.0
LFPG09R1_4FNLImage1.png,0.6683417085427136,0.7341269841269841,1.0
LFPG09R1_4FNLImage2.png,0.7,0.6824925816023739,1.0
LFPG09R1_5FNLImage1.png,0.5844155844155844,0.77,1.0
LFPG09R1_5FNLImage2.png,0.7263157894736842,0.8227272727272728,1.0
LFPG09R1_5FNLImage3.png,0.77734375,0.7881944444444444,1.0
LFPG09R1_5FNLImage4.png,0.7690476190476191,0.7580645161290323,1.0
LFPG09R1_5FNLImage5.png,0.8278481012658228,0.6698606271777003,1.0
LFPG09R1_5FNLImage6.png,0.8963689371852637,0.5719973457199734,1.0
LFPG09R1_6FNLImage1.png,0.0,0.0,0.0
LFPG09R1_6LDImage1.png,0.9581684343834098,0.5682514101531023,1.0
LFPG09R1_7FNLImage1.png,0.6026490066225165,0.7724867724867724,1.0
LFPG09R1_8FNLImage1.png,0.6625,0.7368421052631579,1.0
LFPG09R1_8FNLImage2.png,0.6839622641509434,0.7182539682539683,1.0
LFPG09R1_8FNLImage5.png,0.9272918861959958,0.6042780748663101,1.0
LFPG09R1_8LDImage2.png,0.9522867737948084,0.541761532508608,1.0
LFPG09R1_9FNLImage1.png,0.5164835164835165,0.8444444444444444,1.0
LFPG27L1_1LDImage2.png,0.8884679496893468,0.5270971007949212,1.0
LFPG27L1_2FNLImage1.png,0.6407766990291263,0.7071428571428572,1.0
LFPG27L1_2FNLImage2.png,0.6553784860557769,0.7076023391812866,1.0
LFPG27L1_2FNLImage3.png,0.7411764705882353,0.5888093689004554,1.0
LFPG27L1_2FNLImage4.png,0.9106348564496562,0.6367974549310711,1.0
LFPG27L1_2FNLImage5.png,0.8650859062955684,0.5403035803947318,1.0
LFPG27L1_3FNL_Image1.png,0.6335877862595419,0.8611111111111112,1.0
LFPG27L1_3FNL_Image3.png,0.6688741721854304,0.8295454545454546,1.0
LFPG27L1_3FNL_Image5.png,0.5311004784688995,0.6210621062106211,1.0
LFPG27L1_4FNLImage4.png,0.7864077669902912,0.5889423076923077,1.0
LFPG27L1_5FNLImage4.png,0.7670940170940171,0.635989010989011,1.0
LFPG27L1_5LDImage2.png,0.9713404619046023,0.539835828102366,1.0
LFPG27L1_6FNLImage1.png,0.49404761904761907,0.8263157894736842,1.0
LFPG27L1_6FNLImage3.png,0.6906906906906907,0.7533512064343163,1.0
LFPG27L1_6FNLImage4.png,0.562396006655574,0.8,1.0
LFPG27L1_6FNLImage6.png,0.9588121866563826,0.5684630376648688,1.0
LFPG27L1_7FNLImage2.png,0.6755725190839694,0.7916666666666666,1.0
LFPG27L1_7FNLImage6.png,0.8701401936696055,0.5745398341998033,1.0
LFPG27L1_7LDImage2.png,0.8186407354269621,0.5608508934745423,1.0
LFPG27L1_8FNLImage1.png,0.6122448979591837,0.705,1.0
LFPG27L1_8FNLImage2.png,0.7383419689119171,0.7094736842105264,1.0
LFPG27L1_8FNLImage4.png,0.5304182509505704,0.6121180735370274,0.0
LFPG27L1_8FNLImage5.png,0.9377237419790612,0.6643202604989704,1.0
LFPG27L1_8LDImage1.png,0.4893801618419955,0.5469296669629518,1.0
LFPG27L1_9FNLImage2.png,0.7406143344709898,0.7435897435897436,1.0
LFPG27L1_9LDImage1.png,0.9746111134658585,0.5424859226437736,1.0
LGAV03L1_1FNLImage3.png,0.8163841807909604,0.640625,1.0
LGAV03L1_2FNLImage1.png,0.7741935483870968,0.8625,1.0
LGAV03L1_2FNLImage2.png,0.78,0.7583333333333333,1.0
LGAV03L1_2LDImage1.png,0.89666809055959,0.5193255745897396,1.0
LGAV03L1_4FNLImage1.png,0.8,0.7476190476190476,1.0
LGAV03L1_5FNLImage4.png,0.7795389048991355,0.686734693877551,1.0
LGAV03L1_5FNLImage5.png,0.9444444444444444,0.5780265920223933,0.0
LGAV03L1_8FNLImage4.png,0.8237179487179487,0.7210526315789474,1.0
LGAV03R1_1FNLImage2.png,0.3237410071942446,0.4878048780487805,1.0
LGAV03R1_1FNLImage5.png,0.8136769078295342,0.6244486452425961,0.0
LGAV03R1_1LDImage1.png,0.4818995322351027,0.6479852894147745,1.0
LGAV03R1_2FNLImage4.png,0.8274932614555256,0.714859437751004,0.0
LGAV03R1_2LDImage1.png,0.0,0.7162001191185229,1.0
LGAV03R1_3FNLImage1.png,0.5087719298245614,0.8295454545454546,1.0
LGAV03R1_3FNLImage4.png,0.7859007832898173,0.704,1.0
LGAV03R1_4FNLImage3.png,0.8214285714285714,0.8125,1.0
LGAV03R1_4FNLImage6.png,0.8507109004739336,0.5617516250427643,0.0
LGAV03R1_4FNLImage7.png,0.8549681704954332,0.5985099337748344,0.0
LGAV03R1_5FNLImage1.png,0.5804195804195804,0.7,1.0
LGAV03R1_6FNLImage6.png,0.0,0.0,0.0
LGAV03R1_6LDImage1.png,0.0,0.7625110521662246,1.0
LGAV03R1_7FNLImage1.png,0.6904761904761905,0.8045112781954887,1.0
LGAV03R2_1FNLImage1.png,0.4745762711864407,0.8571428571428571,1.0
LGAV03R2_1FNLImage4.png,0.7766497461928934,0.7193675889328063,1.0
LGAV03R2_1FNLImage7.png,0.908051689860835,0.5863858363858364,0.0
LGAV03R2_2FNLImage4.png,0.8092485549132948,0.6699029126213593,1.0
LGAV03R2_2FNLImage8.png,0.963195638001541,0.5761552085010465,0.0
LGAV03R2_4FNLImage2.png,0.8627450980392157,0.674074074074074,1.0
LGAV03R2_4FNLImage3.png,0.6793893129770993,0.672316384180791,0.0
LGAV03R2_4FNLImage4.png,0.8795811518324608,0.6792452830188679,1.0
LGAV03R2_4FNLImage6.png,0.8560975609756097,0.6025039123630673,0.0
LGAV03R2_4FNLImage7.png,0.8649164677804296,0.554680910879955,0.0
LGAV03R2_4FNLImage8.png,0.9753171247357294,0.5605215585214816,0.0
LGAV03R2_4LDImage3.png,0.6722181347958888,0.37476991927625325,1.0
LGAV03R2_5LDImage2.png,0.9690603514132926,0.5694321206743567,1.0
LGAV03R2_6FNLImage1.png,0.0,0.0,0.0
LGAV03R2_6FNLImage3.png,0.0,0.0,0.0
LGAV03R2_6FNLImage4.png,0.0,0.0,0.0
LGAV03R2_6FNLImage6.png,0.49047619047619045,0.6926658905704307,0.0
LGAV03R2_7FNLImage2.png,0.0,0.0,0.0
LGAV03R2_7LDImage2.png,0.970873786407767,0.5619303810173847,0.0
LGAV03R2_8FNLImage2.png,0.5779816513761468,0.8482142857142857,1.0
LGAV03R2_8FNLImage4.png,0.6098901098901099,0.7376237623762376,1.0
LGAV03R2_8FNLImage6.png,0.7553719008264462,0.6308871851040526,0.0
LGAV03R2_8LDImage2.png,0.9715405837084362,0.5462940785096474,1.0
LGAV03R3_1FNLImage3.png,0.5428571428571428,0.6385542168674698,1.0
LGAV03R3_1FNLImage5.png,0.9037656903765691,0.7898550724637681,1.0
LGAV03R3_1FNLImage7.png,0.0,0.0,0.0
LGAV03R3_1LDImage1.png,0.9698594065923731,0.5331824512534818,1.0
LGAV03R3_1LDImage2.png,0.9880673125956145,0.5271002710027101,1.0
LGAV03R3_2FNLImage1.png,0.5614035087719298,0.7857142857142857,1.0
LGAV03R3_2LDImage1.png,0.9662804515745692,0.5254072014157246,1.0
LGAV03R3_2LDImage3.png,0.9426341020989893,0.5710488112969212,1.0
LGAV03R3_3FNLImage1.png,0.6739130434782609,0.6631578947368421,1.0
LGAV03R3_3FNLImage2.png,0.6929133858267716,0.8174603174603174,1.0
LGAV03R3_3FNLImage3.png,0.304,0.7755102040816326,1.0
LGAV03R3_3FNLImage6.png,0.7754777070063694,0.6338174273858921,0.0
LGAV03R3_3FNLImage8.png,0.0,0.0,0.0
LGAV03R3_3LDImage1.png,0.9738819818148079,0.5626049832026876,1.0
LGAV03R3_4FNLImage2.png,0.7927927927927928,0.8515625,1.0
LGAV03R3_4FNLImage4.png,0.8360655737704918,0.8181818181818182,1.0
LGAV03R3_4FNLImage7.png,0.0,0.0,0.0
LGAV03R3_4LDImage1.png,0.9670951872650485,0.549272057533766,1.0
LGAV03R3_5FNLImage5.png,0.8458781362007168,0.672,1.0
LGAV03R3_5LDImage4.png,0.11372151269897125,0.49471266823328347,1.0
LGAV03R3_6FNLImage1.png,0.0,0.0,0.0
LGAV03R3_6FNLImage8.png,0.0,0.0,0.0
LGAV03R3_6LDImage4.png,0.987803412641192,0.5211096374889478,1.0
LGAV03R3_7FNLImage2.png,0.7551020408163265,0.7529411764705882,1.0
LGAV03R3_7FNLImage6.png,0.8828522920203735,0.7152777777777778,0.0
LGAV03R3_7LDImage1.png,0.9633571395229427,0.5329100308802609,1.0
LGAV03R3_8FNLImage8.png,0.0,0.6316455696202532,1.0
LGAV03R3_8LDImage3.png,0.43301596821350924,0.5242406631388983,1.0
LGAV03R3_8LDImage4.png,0.14175118820128374,0.3026129943502825,1.0
LGAV21L1_1FNLImage4.png,0.7911227154046997,0.5991596638655462,1.0
LGAV21L1_2FNLImage1.png,0.660377358490566,0.6867469879518072,1.0
LGAV21L1_2FNLImage2.png,0.7867298578199052,0.7142857142857143,1.0
LGAV21L1_2FNLImage3.png,0.6974063400576369,0.6798029556650246,0.0
LGAV21L1_3FNLImage3.png,0.7579787234042553,0.6970954356846473,0.0
LGAV21L1_3FNLImage6.png,0.9570637119113573,0.5311514926756907,1.0
LGAV21L1_4LDImage1.png,0.6428338585243942,0.3528414808537683,1.0
LGAV21L1_6FNLImage1.png,0.0,0.0,0.0
LGAV21L1_7FNLImage1.png,0.6569767441860465,0.7283950617283951,1.0
LGAV21L1_7FNLImage2.png,0.8293838862559242,0.7171314741035857,1.0
LGAV21L1_7FNLImage5.png,0.7698863636363636,0.6161616161616161,1.0
LGAV21L1_8FNLImage1.png,0.6296296296296297,0.7058823529411765,1.0
LGAV21L1_8FNLImage2.png,0.7388535031847133,0.7458563535911602,1.0
LGAV21L1_8FNLImage6.png,0.8654797230464887,0.5785353123470885,1.0
LGAV21L2_1FNLImage4.png,0.8411552346570397,0.593279258400927,1.0
LGAV21L2_2FNLImage1.png,0.6012658227848101,0.7278911564625851,0.0
LGAV21L2_2FNLImage2.png,0.6991869918699187,0.7,0.0
LGAV21L2_2LDImage1.png,0.20353078494309892,0.6307831871787118,1.0
LGAV21L2_3FNLImage2.png,0.7510917030567685,0.6698113207547169,0.0
LGAV21L2_3FNLImage5.png,0.7854518736223365,0.5073500198649186,1.0
LGAV21L2_4FNLImage1.png,0.6524390243902439,0.6911764705882353,1.0
LGAV21L2_5FNLImage1.png,0.6230769230769231,0.8161764705882353,1.0
LGAV21L2_5FNLImage5.png,0.803921568627451,0.5700712589073634,1.0
LGAV21L2_6FNLImage1.png,0.0,0.0,0.0
LGAV21L2_6FNLImage2.png,0.0,0.0,0.0
LGAV21L2_7FNLImage3.png,0.832807570977918,0.7064676616915423,0.0
LGAV21L2_7FNLImage5.png,0.8899579073962718,0.5476585851876453,1.0
LGAV21L2_8FNLImage1.png,0.7094017094017094,0.7557251908396947,1.0
LGAV21L3_1FNLImage1.png,0.574468085106383,0.6372549019607843,1.0
LGAV21L3_1FNLImage4.png,0.7531486146095718,0.6463620981387479,0.0
LGAV21L3_1FNLImage5.png,0.7180156657963447,0.6024390243902439,1.0
LGAV21L3_1FNLImage6.png,0.9273627734213784,0.5651968875265267,1.0
LGAV21L3_2FNLImage1.png,0.5950413223140496,0.6728395061728395,1.0
LGAV21L3_2FNLImage4.png,0.7990196078431373,0.6842105263157895,1.0
LGAV21L3_2FNLImage5.png,0.8027210884353742,0.6008510638297873,1.0
LGAV21L3_3FNLImage1.png,0.6615384615384615,0.7777777777777778,1.0
LGAV21L3_3FNLImage2.png,0.6235294117647059,0.8125,1.0
LGAV21L3_3FNLImage3.png,0.7543103448275862,0.6590909090909091,0.0
LGAV21L3_4FNLImage2.png,0.7407407407407407,0.6648351648351648,1.0
LGAV21L3_5FNLImage1.png,0.5092592592592593,0.7227722772277227,0.0
LGAV21L3_5FNLImage2.png,0.6691176470588235,0.7642857142857142,1.0
LGAV21L3_5FNLImage3.png,0.7211538461538461,0.6642066420664207,0.0
LGAV21L3_5FNLImage4.png,0.7319034852546917,0.650375939849624,0.0
LGAV21L3_5FNLImage5.png,0.7056277056277056,0.6091954022988506,1.0
LGAV21L3_5FNLImage6.png,0.9144028703229113,0.5742780589461149,1.0
LGAV21L3_5LDImage3.png,0.7607462173314993,0.5074086116401133,1.0
LGAV21L3_6FNLImage1.png,0.0,0.0,0.0
LGAV21L3_6FNLImage2.png,0.0,0.0,0.0
LGAV21L3_6LDImage1.png,0.9535000754868904,0.510007452358139,1.0
LGAV21L3_6LDImage2.png,0.9543905210193151,0.5007920506912442,1.0
LGAV21L3_7FNLImage2.png,0.5838926174496645,0.6336633663366337,0.0
LGAV21L3_7FNLImage3.png,0.7024793388429752,0.7424749163879598,1.0
LGAV21L3_7FNLImage6.png,0.9194724054147866,0.5749848208864602,1.0
LGAV21L3_7LDImage2.png,0.9403502323505474,0.5077846609286771,1.0
LGAV21L3_8FNLImage1.png,0.6442307692307693,0.7435897435897436,1.0
LGAV21L3_8FNLImage4.png,0.7076502732240437,0.6876574307304786,0.0
LGAV21L3_8FNLImage6.png,0.6235642830678029,0.6211571048172355,1.0
LGAV21L3_8LDImage1.png,0.8947231816639049,0.4737842264404502,1.0
LGAV21L4_1FNLImage1.png,0.6385542168674698,0.7345971563981043,1.0
LGAV21L4_1LDImage1.png,0.8470092024539877,0.5816242821985234,1.0
LGAV21L4_2FNLImage3.png,0.7418738049713193,0.7353463587921847,0.0
LGAV21L4_2FNLImage4.png,0.9128205128205128,0.6694214876033058,1.0
LGAV21L4_2FNLImage5.png,0.789332738228074,0.6776819143740843,1.0
LGAV21L4_2LDImage1.png,0.666375240426648,0.5793768545994066,1.0
LGAV21L4_3FNLImage4.png,0.895924308588064,0.5407466880770775,1.0
LGAV21L4_5FNLImage1.png,0.5661764705882353,0.68125,1.0
LGAV21L4_5LDImage1.png,0.7218934911242604,0.612319391634981,1.0
LGAV21L4_6FNLImage6.png,0.050214949695019016,0.6944279786603438,1.0
LGAV21L4_6LDImage1.png,0.3904862579281184,0.5191011235955056,1.0
LGAV21L4_7FNLImage4.png,0.9232736572890026,0.6292417260159195,0.0
LGAV21L4_8FNLImage1.png,0.6307692307692307,0.6766467065868264,1.0
LGAV21L4_8FNLImage3.png,0.7699757869249395,0.6872509960159362,0.0
LIPZ22R1_1FNLImage1.png,0.4967741935483871,0.7540106951871658,1.0
LIPZ22R1_1FNLImage4.png,0.8062015503875969,0.8060200668896321,1.0
LIPZ22R1_1LDImage4.png,0.7499788189443362,0.4894917674356343,1.0
LIPZ22R1_2FNLImage1.png,0.0,0.0,0.0
LIPZ22R1_2FNLImage2.png,0.0,0.0,0.0
LIPZ22R1_2FNLImage6.png,0.8565573770491803,0.704390243902439,1.0
LIPZ22R1_2LDImage2.png,0.9867760459392945,0.5164500683994528,1.0
LIPZ22R1_2LDImage4.png,0.7787027653105545,0.417910447761194,1.0
LIPZ22R1_3FNLImage1.png,0.6818181818181818,0.7248677248677249,1.0
LIPZ22R1_3LDImage1.png,0.9215730274045609,0.5253365062839295,1.0
LIPZ22R1_3LDImage2.png,0.7978839839474644,0.4527147358326864,1.0
LIPZ22R1_4FNLImage3.png,0.719626168224299,0.8528138528138528,1.0
LIPZ22R1_5FNLImage1.png,0.46706586826347307,0.6754385964912281,1.0
LIPZ22R1_5FNLImage2.png,0.34705882352941175,0.3963963963963964,1.0
LIPZ22R1_5FNLImage5.png,0.6378676470588235,0.6598425196850394,1.0
LIPZ22R1_6FNLImage6.png,0.9038461538461539,0.6932624113475178,1.0
LIPZ22R1_7FNLImage2.png,0.7932960893854749,0.775,1.0
LIPZ22R1_7FNLImage3.png,0.7549407114624506,0.8636363636363636,1.0
LIPZ22R1_7LDImage1.png,0.8963904653802497,0.5335978544399133,1.0
LIPZ22R1_7LDImage2.png,0.6368178829717291,0.3478894705453582,1.0
LIPZ22R1_8FNLImage1.png,0.0,0.0,0.0
LIPZ22R1_8FNLImage5.png,0.8604060913705583,0.7647058823529411,1.0
LIPZ22R1_8LDImage3.png,0.6907581325711175,0.3881970763400108,1.0
LIPZ22R1_9FNLImage1.png,0.4715909090909091,0.6157635467980296,1.0
LIPZ22R1_9FNLImage4.png,0.2795838751625488,0.43330427201394944,1.0
LOWI08_1_10FNLImage3.png,0.8670212765957447,0.8114035087719298,1.0
LOWI08_1_10FNLImage5.png,0.861878453038674,0.7585714285714286,1.0
LOWI08_1_10LDImage1.png,0.9905568605120174,0.5193406457210138,1.0
LOWI08_1_10LDImage2.png,0.8814822140902647,0.5217693500383169,1.0
LOWI08_1_1FNLImage1.png,0.6303030303030303,0.7318181818181818,1.0
LOWI08_1_1FNLImage5.png,0.8669201520912547,0.7257142857142858,1.0
LOWI08_1_1FNLImage6.png,0.886943836615609,0.6491400491400492,1.0
LOWI08_1_2FNLImage2.png,0.6540880503144654,0.7700534759358288,1.0
LOWI08_1_2FNLImage4.png,0.8169934640522876,0.8214285714285714,1.0
LOWI08_1_2FNLImage6.png,0.8590673575129534,0.6266801075268817,1.0
LOWI08_1_3FNLImage4.png,0.9047619047619048,0.7363636363636363,1.0
LOWI08_1_3FNLImage5.png,0.8801571709233792,0.7484375,1.0
LOWI08_1_3FNLImage6.png,0.8612473721093202,0.6746928746928746,1.0
LOWI08_1_4FNLImage4.png,0.8976109215017065,0.7777777777777778,1.0
LOWI08_1_4FNLImage6.png,0.8935541099940864,0.6707021791767555,1.0
LOWI08_1_4LDImage3.png,0.9204637240461824,0.4755987668958976,1.0
LOWI08_1_5FNLImage1.png,0.5060240963855421,0.7523809523809524,1.0
LOWI08_1_5FNLImage4.png,0.8724137931034482,0.76,1.0
LOWI08_1_5FNLImage5.png,0.8775137111517367,0.7893939393939394,1.0
LOWI08_1_5FNLImage6.png,0.8853582554517134,0.6522108843537415,1.0
LOWI08_1_6FNLImage3.png,0.7071823204419889,0.7222222222222222,1.0
LOWI08_1_6FNLImage4.png,0.8072289156626506,0.8021978021978022,1.0
LOWI08_1_6LDImage1.png,0.8972105464272068,0.5244581187126214,1.0
LOWI08_1_7FNLImage1.png,0.7873563218390804,0.9,1.0
LOWI08_1_7FNLImage4.png,0.8695423461336139,0.6449250087199163,1.0
LOWI08_1_8FNLImage2.png,0.4,0.7111111111111111,1.0
LOWI08_1_8LDImage1.png,0.6884278333660323,0.5105652432111429,1.0
LOWI08_1_8LDImage2.png,0.7947855117776423,0.5239239272873896,1.0
LOWI08_1_9FNLImage1.png,0.5319148936170213,0.6785714285714286,1.0
LOWI08_1_9LDImage1.png,0.27855019113691065,0.5785230193970554,1.0
LOWI26_1_10FNLImage2.png,0.7050359712230215,0.7433155080213903,1.0
LOWI26_1_10FNLImage7.png,0.9002277904328019,0.6146551724137931,1.0
LOWI26_1_1FNLImage4.png,0.7920353982300885,0.8299595141700404,1.0
LOWI26_1_1FNLImage5.png,0.8410958904109589,0.7510288065843621,1.0
LOWI26_1_1LDImage2.png,0.9815479647325906,0.5271250814886199,1.0
LOWI26_1_2FNLImage1.png,0.7314814814814815,0.7857142857142857,1.0
LOWI26_1_2FNLImage2.png,0.7785714285714286,0.85625,1.0
LOWI26_1_2FNLImage6.png,0.8841567291311755,0.6764705882352942,1.0
LOWI26_1_3FNLImage4.png,0.8090909090909091,0.7214285714285714,1.0
LOWI26_1_3FNLImage6.png,0.8675496688741722,0.7316176470588235,1.0
LOWI26_1_3LDImage2.png,0.9492818346409173,0.5211721445088896,1.0
LOWI26_1_4FNLImage6.png,0.8849693251533742,0.701098901098901,1.0
LOWI26_1_5FNLImage5.png,0.8142493638676844,0.7432950191570882,1.0
LOWI26_1_5LDImage1.png,0.9869240936555891,0.5202071637935317,1.0
LOWI26_1_5LDImage2.png,0.9126885720190122,0.5042552433856782,1.0
LOWI26_1_6FNLImage2.png,0.0,0.6941176470588235,1.0
LOWI26_1_6FNLImage6.png,0.8601036269430051,0.732943469785575,1.0
LOWI26_1_6LDImage1.png,0.9834999489952055,0.5136656376410474,1.0
LOWI26_1_6LDImage3.png,0.929009302524971,0.5201999545557828,1.0
LOWI26_1_7FNLImage3.png,0.8277777777777777,0.7799043062200957,1.0
LOWI26_1_7FNLImage4.png,0.7900763358778626,0.8131868131868132,1.0
LOWI26_1_7LDImage3.png,0.920549420953407,0.5195766151764574,1.0
LOWI26_1_8FNLImage2.png,0.3393939393939394,0.7264957264957265,1.0
LOWI26_1_8FNLImage3.png,0.6717948717948717,0.8708133971291866,1.0
LOWI26_1_8LDImage1.png,0.9671978326098989,0.5450369868974521,1.0
LOWI26_1_8LDImage3.png,0.0,0.6466165413533834,1.0
LOWI26_1_9FNLImage3.png,0.6415094339622641,0.7283950617283951,1.0
LOWI26_1_9LDImage1.png,0.725691560321176,0.5433419260513255,1.0
LOWI26_1_9LDImage2.png,0.12693689443698516,0.48021654478108083,1.0
LPPD12_1_1FNLImage1.png,0.8333333333333334,0.7129629629629629,1.0
LPPD12_1_1FNLImage4.png,0.7262357414448669,0.7053571428571429,1.0
LPPD12_1_2FNLImage1.png,0.0,0.0,0.0
LPPD12_1_2FNLImage3.png,0.7333333333333333,0.8137254901960784,1.0
LPPD12_1_2FNLImage4.png,0.69140625,0.6428571428571429,1.0
LPPD12_1_2FNLImage5.png,0.8711943793911007,0.7333333333333333,1.0
LPPD12_1_3FNLImage3.png,0.5869565217391305,0.696969696969697,1.0
LPPD12_1_3FNLImage4.png,0.729957805907173,0.6785714285714286,1.0
LPPD12_1_4FNLImage4.png,0.6221198156682027,0.7222222222222222,1.0
LPPD12_1_4FNLImage5.png,0.6827956989247311,0.7391304347826086,1.0
LPPD12_1_4LDImage2.png,0.7500603913358563,0.4133591481122943,1.0
LPPD12_1_5FNLImage3.png,0.6376146788990825,0.7653846153846153,1.0
LPPD12_1_5FNLImage4.png,0.725925925925926,0.7058823529411765,1.0
LPPD12_1_5FNLImage5.png,0.8140043763676149,0.7115987460815048,1.0
LPPD12_1_5LDImage1.png,0.9915717097784801,0.5239848086473853,1.0
LPPD12_1_5LDImage2.png,0.9230418597584137,0.5322940787297387,1.0
LPPD12_1_5LDImage3.png,0.7373075163896935,0.5539372669445054,1.0
LPPD12_1_6FNLImage2.png,0.0,0.0,0.0
LPPD12_1_6FNLImage3.png,0.6705202312138728,0.8021390374331551,1.0
LPPD12_1_6FNLImage5.png,0.7707808564231738,0.7596153846153846,1.0
LPPD12_1_6FNLImage6.png,0.8886659979939819,0.6756756756756757,1.0
LPPD12_1_6LDImage2.png,0.988097434951098,0.5339006857803851,1.0
LPPD12_1_6LDImage3.png,0.9252849303503587,0.507507932337665,1.0
LPPD12_1_7FNLImage6.png,0.9266247379454927,0.6300925925925925,1.0
LPPD12_1_7LDImage1.png,0.9860051546391753,0.5225634725634726,1.0
LPPD12_1_7LDImage3.png,0.883610108303249,0.48171030325861747,1.0
LPPD12_1_8FNLImage2.png,0.6385542168674698,0.7784090909090909,1.0
LPPD12_1_8FNLImage3.png,0.7172774869109948,0.7606837606837606,1.0
LPPD12_1_8LDImage1.png,0.9445912446538995,0.5197542330499393,1.0
LPPD30_1_1FNLImage1.png,0.7074468085106383,0.7402597402597403,1.0
LPPD30_1_1LDImage1.png,0.9879370104527715,0.5265267285623666,1.0
LPPD30_1_1LDImage3.png,0.7896290828566156,0.4886612293614482,1.0
LPPD30_1_2FNLImage6.png,0.9143075745983168,0.6382868937048504,1.0
LPPD30_1_2FNLImage7.png,0.9838721136767318,0.555475446607386,1.0
LPPD30_1_2LDImage1.png,0.9896754804779332,0.5317012987012987,1.0
LPPD30_1_2LDImage3.png,0.8903859472391865,0.4719826167116613,1.0
LPPD30_1_2LDImage4.png,0.7962679964610311,0.4254940791334923,1.0
LPPD30_1_3FNLImage4.png,0.42153846153846153,0.5642857142857143,1.0
LPPD30_1_3FNLImage5.png,0.5823008849557522,0.7355555555555555,1.0
LPPD30_1_3FNLImage6.png,0.5562859490550535,0.7216890595009597,1.0
LPPD30_1_3FNLImage7.png,0.9451460885956645,0.5944644307763722,1.0
LPPD30_1_4FNLImage3.png,0.7212389380530974,0.7432432432432432,1.0
LPPD30_1_4FNLImage4.png,0.8108108108108109,0.7554945054945055,1.0
LPPD30_1_4FNLImage5.png,0.8148148148148148,0.6904024767801857,1.0
LPPD30_1_5FNLImage2.png,0.7939914163090128,0.7803030303030303,1.0
LPPD30_1_5FNLImage6.png,0.9260935143288085,0.6863370547581074,1.0
LPPD30_1_5LDImage3.png,0.8830091874477985,0.4772180004378147,1.0
LPPD30_1_5LDImage4.png,0.8504146204009339,0.44819501152120306,1.0
LPPD30_1_7FNLImage1.png,0.7225806451612903,0.8070175438596491,1.0
LPPD30_1_7FNLImage2.png,0.7064676616915423,0.81,1.0
LPPD30_1_7FNLImage4.png,0.753315649867374,0.7667493796526055,1.0
LPPD30_1_7FNLImage7.png,0.9178356713426854,0.5814457570174488,1.0
LPPD30_1_7LDImage1.png,0.9905979253273243,0.5324964609875926,1.0
LPPD30_1_7LDImage3.png,0.9057731576016336,0.4981655429416623,1.0
LPPD30_1_7LDImage4.png,0.8091958969944767,0.4801871006997262,1.0
LPPD30_1_8FNLImage1.png,0.7870967741935484,0.7941176470588235,1.0
LPPD30_1_8FNLImage6.png,0.8986301369863013,0.6615581098339719,1.0
LPPD30_1_8LDImage2.png,0.9888048804231431,0.5230890627144229,1.0
LPPD30_1_8LDImage5.png,0.7883183065464524,0.499982073070166,1.0
LPPD30_1_9FNLImage2.png,0.6875,0.6862745098039216,1.0
LPPD30_1_9FNLImage3.png,0.7058823529411765,0.868421052631579,1.0
LPPD30_1_9FNLImage4.png,0.7750865051903114,0.8108974358974359,1.0
LPPD30_1_9FNLImage7.png,0.8154106689246401,0.5761741122565864,1.0
LPPD30_1_9LDImage1.png,0.9853722283112722,0.5429103191562694,1.0
LPPD30_1_9LDImage2.png,0.9852747746302654,0.5370659722222222,1.0
LPPD30_2_1FNLImage3.png,0.7674418604651163,0.7647058823529411,1.0
LPPD30_2_1FNLImage6.png,0.9230769230769231,0.6609870740305523,1.0
LPPD30_2_2FNLImage4.png,0.6237623762376238,0.7476190476190476,1.0
LPPD30_2_2FNLImage7.png,0.9852248121258439,0.5471052817149707,1.0
LPPD30_2_3FNLImage1.png,0.24,0.0,0.0
LPPD30_2_3FNLImage3.png,0.373134328358209,0.6230769230769231,1.0
LPPD30_2_3FNLImage4.png,0.4152046783625731,0.7307692307692307,1.0
LPPD30_2_3LDImage1.png,0.985160028815478,0.5207116679173056,1.0
LPPD30_2_4LDImage2.png,0.8344135802469136,0.5395992366412213,1.0
LPPD30_2_5FNLImage1.png,0.7748344370860927,0.8,1.0
LPPD30_2_5FNLImage2.png,0.8431372549019608,0.7807486631016043,1.0
LPPD30_2_5FNLImage5.png,0.7614942528735632,0.7392344497607656,1.0
LPPD30_2_5FNLImage7.png,0.9552284017932873,0.5253307625822751,1.0
LPPD30_2_5LDImage2.png,0.8905137728257505,0.48703009019075744,1.0
LPPD30_2_6FNLImage5.png,0.8365384615384616,0.6558139534883721,1.0
LPPD30_2_6LDImage2.png,0.942519495136265,0.5202871410736579,1.0
LPPD30_2_7FNLImage4.png,0.7365853658536585,0.7375565610859729,1.0
LPPD30_2_7FNLImage7.png,0.9861235452103849,0.542886583285958,1.0
LPPD30_2_8FNLImage2.png,0.7272727272727273,0.7511961722488039,1.0
LPPD30_2_9FNLImage1.png,0.7079646017699115,0.6308724832214765,1.0
LPPD30_2_9FNLImage5.png,0.8388278388278388,0.6988304093567251,1.0
LPPD30_2_9FNLImage6.png,0.842391304347826,0.6723484848484849,1.0
LPPD30_3_1FNLImage1.png,0.7697841726618705,0.7411764705882353,1.0
LPPD30_3_1FNLImage2.png,0.7074468085106383,0.696969696969697,1.0
LPPD30_3_1FNLImage6.png,0.8992372541148134,0.6238914971309337,1.0
LPPD30_3_1LDImage2.png,0.835327587649569,0.5271005166319224,1.0
LPPD30_3_2FNLImage1.png,0.5352112676056338,0.691358024691358,1.0
LPPD30_3_2FNLImage4.png,0.6437054631828979,0.7666666666666667,1.0
LPPD30_3_2FNLImage6.png,0.8864821500200561,0.6230379746835443,1.0
LPPD30_3_3FNLImage6.png,0.8475734791524265,0.6389206494397439,1.0
LPPD30_3_4FNLImage3.png,0.7939698492462312,0.8186274509803921,1.0
LPPD30_3_4FNLImage4.png,0.819047619047619,0.6517647058823529,1.0
LPPD30_3_5FNLImage1.png,0.7862595419847328,0.7625,1.0
LPPD30_3_5FNLImage2.png,0.8216216216216217,0.8101851851851852,1.0
LPPD30_3_5FNLImage5.png,0.8092613009922822,0.6984,1.0
LPPD30_3_5LDImage1.png,0.9200860832137733,0.48871603042088835,1.0
LPPD30_3_5LDImage2.png,0.87822265625,0.5102424642911605,1.0
LPPD30_3_6FNLImage4.png,0.7373737373737373,0.7592592592592593,1.0
LPPD30_3_7FNLImage1.png,0.5540540540540541,0.643979057591623,1.0
LPPD30_3_7FNLImage3.png,0.7022900763358778,0.8223140495867769,1.0
LPPD30_3_7FNLImage5.png,0.8381962864721485,0.6547619047619048,1.0
LPPD30_3_8FNLImage1.png,0.6445783132530121,0.8277777777777777,1.0
LPPD30_3_8FNLImage3.png,0.7709923664122137,0.7884615384615384,1.0
LPPD30_3_8FNLImage7.png,0.9905150293255132,0.5317807008932953,1.0
LPPD30_3_8LDImage2.png,0.8189227498228207,0.5583058584833883,1.0
LPPD30_3_9LDImage1.png,0.29888013272501035,0.3765911720945611,1.0
LSZH34_1_10FLNImage1.png,0.743421052631579,0.7875,1.0
LSZH34_1_10FLNImage4.png,0.868421052631579,0.772,1.0
LSZH34_1_10LDImage1.png,0.48754058270438927,0.5745011086474501,1.0
LSZH34_1_1FNLImage4.png,0.8179347826086957,0.765625,1.0
LSZH34_1_2FNLImage3.png,0.7569721115537849,0.8658008658008658,1.0
LSZH34_1_2FNLImage4.png,0.8032786885245902,0.7839080459770115,1.0
LSZH34_1_2FNLImage5.png,0.8909952606635071,0.7557692307692307,1.0
LSZH34_1_2FNLImage7.png,0.8322351309172881,0.5077236542835482,1.0
LSZH34_1_2FNLImage8.png,0.9831716107568617,0.529013625592417,1.0
LSZH34_1_2FNLImage9.png,0.4495508669312722,0.37519733380108755,1.0
LSZH34_1_3FNLImage2.png,0.8535353535353535,0.7791666666666667,1.0
LSZH34_1_3FNLImage5.png,0.8680904522613065,0.6801724137931034,1.0
LSZH34_1_3FNLImage6.png,0.8569577610779995,0.5776190476190476,1.0
LSZH34_1_4FNLImage3.png,0.8575498575498576,0.7950617283950617,1.0
LSZH34_1_4FNLImage6.png,0.8870286576168929,0.5485287659200703,1.0
LSZH34_1_4LDImage1.png,0.9131825236326012,0.5120556185592426,1.0
LSZH34_1_4LDImage2.png,0.88925583443417,0.527755749405234,1.0
LSZH34_1_5FNLImage6.png,0.7804718217562254,0.6695005313496281,1.0
LSZH34_1_5LDImage2.png,0.9133312875367148,0.5018735045821859,1.0
LSZH34_1_6FNLImage2.png,0.8041237113402062,0.8133971291866029,1.0
LSZH34_1_6FNLImage3.png,0.8257839721254355,0.8333333333333334,1.0
LSZH34_1_6FNLImage4.png,0.7474747474747475,0.835,1.0
LSZH34_1_6FNLImage6.png,0.7768754833720031,0.691638795986622,1.0
LSZH34_1_6LDImage1.png,0.9859104690565365,0.5254582484725051,1.0
LSZH34_1_7FNLImage3.png,0.0,0.0,0.0
LSZH34_1_8FNLImage2.png,0.7740384615384616,0.8761904761904762,1.0
LSZH34_1_8FNLImage6.png,0.9114707282246549,0.6051464063886424,1.0
LSZH34_1_9FNLImage5.png,0.850418410041841,0.6576862123613312,1.0
LSZH34_1_9LDImage1.png,0.9574545049808003,0.5098013438504236,1.0
LXGB09_1_1FNL1Image4.png,0.955406911928651,0.6072142546718818,1.0
LXGB09_1_1LDImage2.png,0.4811241880506785,0.6731658446362515,1.0
LXGB09_1_2FNLImage3.png,0.8232971372161896,0.6376306620209059,0.0
LXGB09_1_2LDImage3.png,0.9894742643006723,0.5273471804233065,1.0
LXGB09_1_2LDImage4.png,0.8871883485559121,0.5622214423583085,1.0
LXGB09_1_2LDImage5.png,0.7919312063007313,0.5457915653360224,1.0
LXGB09_1_3FNLImage2.png,0.8722149410222805,0.5907744392721117,0.0
LXGB09_1_3FNLImage3.png,0.974450726400916,0.6381202290076335,0.0
LXGB09_1_5LDImage2.png,0.9924748015709538,0.5467873303167421,1.0
LXGB09_1_5LDImage3.png,0.993522716757657,0.532435776864822,1.0
LXGB09_1_6FNLImage2.png,0.0,0.0,0.0
LXGB09_1_6FNLImage4.png,0.8487022578603081,0.62024474594307,1.0
LXGB09_1_6LDImage1.png,0.9847775175644028,0.6497386109036595,0.0
LXGB09_1_6LDImage3.png,0.9938110018323922,0.5314564923174906,1.0
LXGB09_1_6LDImage4.png,0.9476193178593724,0.5533567451278157,1.0
LXGB09_1_7LDImage3.png,0.8912404467960023,0.5660477641556233,1.0
LXGB09_1_8LDImage3.png,0.9856116419870158,0.5304264588095099,1.0
LXGB09_1_8LDImage4.png,0.9185382784040387,0.5609239245602882,1.0
LXGB09_2_2FNLImage3.png,0.7389455782312925,0.6957511380880121,1.0
LXGB09_2_4FNLImage4.png,0.9319440780796624,0.6110922659430122,1.0
LXGB09_2_4LDImage2.png,0.9345564291954571,0.5622238668729956,1.0
LXGB09_2_4LDImage4.png,0.8312799553059484,0.5159250095828832,1.0
LXGB09_2_5FNLImage2.png,0.615686274509804,0.6765536723163842,1.0
LXGB09_2_5LDImage1.png,0.9870996277321146,0.5490737731556711,1.0
LXGB09_2_6FNLImage1.png,0.0,0.0,0.0
LXGB09_2_6LDImage3.png,0.9092080260233824,0.5229758509908674,1.0
LXGB09_2_7FNLImage3.png,0.49936305732484076,0.613747954173486,1.0
LXGB09_2_7FNLImage4.png,0.9304904051172708,0.6673646425366437,1.0
LXGB09_2_8FNLImage4.png,0.7160411823314513,0.6620318457053151,1.0
LXGB09_2_8LDImage3.png,0.2906986520191688,0.5387058731032314,1.0
LXGB27_1_1LDImage3.png,0.8209100262947296,0.5247729904320799,1.0
LXGB27_1_3FNLImage2.png,0.0,0.8454545454545455,1.0
LXGB27_1_3LDImage1.png,0.9884839680835386,0.5214674214674214,1.0
LXGB27_1_4FNLImage2.png,0.7910447761194029,0.7535014005602241,1.0
LXGB27_1_4FNLImage3.png,0.7584269662921348,0.6297250859106529,1.0
LXGB27_1_4LDImage3.png,0.7980777337492623,0.4842636964123818,1.0
LXGB27_1_5FNLImage4.png,0.9365660262275084,0.6144761904761905,1.0
LXGB27_1_6LDImage1.png,0.9802001646375806,0.5281279178338002,1.0
LXGB27_1_7FNLImage4.png,0.9177477944992216,0.6132825438887048,1.0
LXGB27_1_7LDImage3.png,0.8912655971479501,0.5342990108185426,1.0
LXGB27_1_8FNLImage3.png,0.5603448275862069,0.6773618538324421,1.0
LXGB27_1_8LDImage2.png,0.099847850893876,0.5784295864456185,1.0
NZQN05_1_1FNLImage2.png,0.5670103092783505,0.6607142857142857,1.0
NZQN05_1_1FNLImage3.png,0.7210884353741497,0.8157894736842105,1.0
NZQN05_1_1FNLImage5.png,0.8023255813953488,0.6470588235294118,1.0
NZQN05_1_2FNLImage1.png,0.3,0.0,0.0
NZQN05_1_2FNLImage3.png,0.7564102564102564,0.8271604938271605,1.0
NZQN05_1_3FNLImage3.png,0.7531645569620253,0.8333333333333334,1.0
NZQN05_1_3FNLImage4.png,0.72,0.7717391304347826,1.0
NZQN05_1_3FNLImage6.png,0.8320479862896315,0.7261437908496732,1.0
NZQN05_1_3LDImage2.png,0.44971604353999056,0.5867683731846853,1.0
NZQN05_1_4FNLImage3.png,0.6792452830188679,0.8201058201058201,1.0
NZQN05_1_4FNLImage6.png,0.8186180422264875,0.6997915218902016,1.0
NZQN05_1_4LDImage1.png,0.9590289371174179,0.5870271867612293,1.0
NZQN05_1_5FNLImage1.png,0.0,0.0,0.0
NZQN05_1_5FNLImage3.png,0.4437869822485207,0.76,1.0
NZQN05_1_5FNLImage4.png,0.685823754789272,0.7859531772575251,1.0
NZQN05_1_5LDImage1.png,0.9772418832863555,0.5496952104499274,1.0
NZQN05_1_5LDImage4.png,0.4653968253968254,0.5316000232139748,1.0
NZQN05_1_6FNLImage4.png,0.0,0.0,0.0
NZQN05_1_6LDImage1.png,0.9702499616623217,0.5446789402784015,1.0
NZQN05_1_6LDImage2.png,0.9361887857537754,0.5400811770674785,1.0
NZQN05_1_7FNLImage6.png,0.8043071161048689,0.6489292667099286,1.0
NZQN05_1_7LDImage2.png,0.856164984642387,0.5820143509911914,1.0
NZQN05_1_7LDImage4.png,0.732903835924109,0.5706054967077011,1.0
NZQN05_1_8FNLImage1.png,0.0,0.0,0.0
NZQN05_1_8FNLImage3.png,0.6730769230769231,0.7611111111111111,1.0
NZQN05_1_9FNLImage4.png,0.8521739130434782,0.8531746031746031,1.0
NZQN05_1_9LDImage2.png,0.0,0.0,0.0
NZQN05_1_9LDImage3.png,0.0,0.0,0.0
NZQN14_1_1FNLImage1.png,0.7360406091370558,0.8571428571428571,1.0
NZQN14_1_2LDImage1.png,0.39012707446958383,0.6136038736453769,1.0
NZQN14_1_3FNLImage1.png,0.75,0.6609195402298851,1.0
NZQN14_1_3FNLImage2.png,0.7711640211640212,0.6267748478701826,1.0
NZQN14_1_4FNLImage2.png,0.8676923076923077,0.6840909090909091,1.0
NZQN14_1_4FNLImage3.png,0.7662706238876329,0.6006314127861089,1.0
NZQN14_1_4LDImage1.png,0.12425629290617848,0.5020561416055784,1.0
NZQN14_1_5LDImage1.png,0.0,0.5863056386069819,1.0
NZQN14_1_6FNLImage1.png,0.35691318327974275,0.695906432748538,1.0
NZQN14_1_6LDImage1.png,0.05443754057312436,0.65,1.0
NZQN23_1_1LDImage1.png,0.9876118553768168,0.5167951318458418,1.0
NZQN23_1_2FNLImage3.png,0.7092198581560284,0.711764705882353,1.0
NZQN23_1_3FNLImage7.png,0.7301687763713081,0.6158958001063264,1.0
NZQN23_1_4FNLImage1.png,0.5975609756097561,0.7428571428571429,1.0
NZQN23_1_4FNLImage3.png,0.8195488721804511,0.7176470588235294,1.0
NZQN23_1_4FNLImage4.png,0.8351648351648352,0.7962962962962963,1.0
NZQN23_1_4FNLImage6.png,0.8075657894736842,0.6886574074074074,1.0
NZQN23_1_4FNLImage7.png,0.935401614959626,0.6110436073984069,1.0
NZQN23_1_5FNLImage6.png,0.8380634390651085,0.7218137254901961,1.0
NZQN23_1_5FNLImage7.png,0.9408212560386473,0.6135844748858448,1.0
NZQN23_1_5LDImage2.png,0.8427984704716046,0.48428796435019783,1.0
NZQN23_1_6LDImage3.png,0.7311498467875621,0.5700894888518125,1.0
NZQN23_1_7FNLImage3.png,0.3346456692913386,0.5815602836879432,1.0
NZQN23_1_7FNLImage4.png,0.6244541484716157,0.8009049773755657,1.0
NZQN23_1_7FNLImage7.png,0.6136541089205544,0.5210485354464413,1.0
NZQN23_1_8FNLImage3.png,0.6513157894736842,0.7888888888888889,1.0
NZQN23_1_8FNLImage4.png,0.6431924882629108,0.8,1.0
NZQN23_1_8FNLImage7.png,0.7560158391714895,0.6282076017750338,1.0
NZQN23_1_8LDImage2.png,0.9158857067959892,0.5038059156789824,1.0
NZQN23_1_8LDImage3.png,0.8674240394405445,0.4705554316306045,1.0
NZQN32_1_1LDImage1.png,0.9760776051268545,0.5507962253022707,1.0
NZQN32_1_2FNLImage4.png,0.871440195280716,0.6727053140096618,1.0
NZQN32_1_3FNLImage4.png,0.6944809461235217,0.7076502732240437,1.0
NZQN32_1_4LDImage2.png,0.8952212768234602,0.5341066003866335,1.0
NZQN32_1_6FNLImage4.png,0.8675034867503487,0.7197049525816649,1.0
NZQN32_1_6LDImage2.png,0.8990659496178884,0.4763497577083065,1.0
NZQN32_1_8LDImage1.png,0.9013562386980108,0.5219329170024174,1.0
OMAA13L1_1FNLImage2.png,0.7631578947368421,0.7797202797202797,1.0
OMAA13L1_1FNLImage3.png,0.7802547770700637,0.6952380952380952,1.0
OMAA13L1_1LDImage2.png,0.8851140573211153,0.5080141768937791,1.0
OMAA13L1_2FNLImage4.png,0.7364532019704434,0.710727969348659,1.0
OMAA13L1_2LDImage2.png,0.7396628618943231,0.43517222066648,1.0
OMAA13L1_3FNLImage6.png,0.9201612903225806,0.6107347576862949,1.0
OMAA13L1_3LDImage1.png,0.8768937309709842,0.45167667436489606,1.0
OMAA13L1_4FNLImage7.png,0.9367647058823529,0.52729666767953,1.0
OMAA13L1_4LDImage1.png,0.9233032149611263,0.47716148853179924,1.0
OMAA13L1_5FNLImage5.png,0.8805970149253731,0.607583774250441,1.0
OMAA13L1_5FNLImage6.png,0.9128081779915814,0.5637435519528371,1.0
OMAA13L1_6FNLImage1.png,0.6875,0.7606837606837606,1.0
OMAA13L1_6FNLImage4.png,0.9259259259259259,0.662111801242236,1.0
OMAA13L1_6FNLImage5.png,0.9435676709708274,0.5439257365801157,1.0
OMAA13L1_6LDImage2.png,0.8679128775120691,0.5123316642303984,1.0
OMAA13L1_7FNLImage2.png,0.0,0.0,0.0
OMAA13L1_7FNLImage3.png,0.0,0.0,0.0
OMAA13L1_7FNLImage4.png,0.0,0.7076923076923077,1.0
OMAA13L1_7LDImage2.png,0.2954719425307661,0.3858242967153858,1.0
OMAA13L1_7LDImage3.png,0.3420150788211104,0.5316196075750325,1.0
OMAA13L1_8FNLImage1.png,0.7052023121387283,0.755,1.0
OMAA13L1_8FNLImage2.png,0.6995708154506438,0.6789297658862876,1.0
OMAA13L2_1FNLImage6.png,0.8857545839210155,0.584241408214585,0.0
OMAA13L2_1FNLImage7.png,0.9281984334203656,0.5793650793650794,0.0
OMAA13L2_1LDImage2.png,0.8562364468717372,0.5005057316250843,1.0
OMAA13L2_1LDImage3.png,0.8143316132801091,0.5424076813913463,1.0
OMAA13L2_2FNLImage5.png,0.6323529411764706,0.6765498652291105,1.0
OMAA13L2_2FNLImage6.png,0.8832997987927566,0.6755952380952381,1.0
OMAA13L2_2FNLImage7.png,0.9136842105263158,0.5748400852878465,0.0
OMAA13L2_2FNLImage8.png,0.9263990267639902,0.5583362707084949,1.0
OMAA13L2_3FNLImage2.png,0.7413793103448276,0.7898550724637681,1.0
OMAA13L2_3FNLImage3.png,0.7283018867924528,0.6622340425531915,0.0
OMAA13L2_3FNLImage5.png,0.8592592592592593,0.6239460370994941,0.0
OMAA13L2_3FNLImage6.png,0.0,0.0,0.0
OMAA13L2_3FNLImage7.png,0.9197218710493047,0.5600612088752869,0.0
OMAA13L2_4FNLImage1.png,0.7094972067039106,0.7904761904761904,1.0
OMAA13L2_4FNLImage2.png,0.7203389830508474,0.7954545454545454,1.0
OMAA13L2_5FNLImage2.png,0.7056277056277056,0.7840909090909091,1.0
OMAA13L2_5FNLImage3.png,0.7303370786516854,0.6757493188010899,0.0
OMAA13L2_5FNLImage6.png,0.8767833981841764,0.5897233201581028,0.0
OMAA13L2_6FNLImage1.png,0.6961538461538461,0.7087719298245614,1.0
OMAA13L2_7FNLImage4.png,0.0,0.0,0.0
OMAA13L2_7FNLImage8.png,0.9472055695223361,0.5882215470904417,1.0
OMAA13L2_7LDImage1.png,0.8758954984495848,0.49948029859208165,1.0
OMAA13L2_7LDImage2.png,0.0,0.0,0.0
OMAA13L2_8FNLImage1.png,0.7572254335260116,0.7272727272727273,1.0
OMAA13L2_8FNLImage3.png,0.7607843137254902,0.65,0.0
OMAA13L2_8FNLImage6.png,0.881201044386423,0.6826826826826827,0.0
OMAA13L2_8FNLImage7.png,0.9031230082855322,0.6110210696920584,1.0
OMAA13L2_8FNLImage8.png,0.9005633112907176,0.5435564159292036,1.0
OMAA13L3_1FNLImage2.png,0.719626168224299,0.793010752688172,1.0
OMAA13L3_1FNLImage5.png,0.9292035398230089,0.6618778860954335,1.0
OMAA13L3_1FNLImage6.png,0.9208103130755064,0.5928004644861622,1.0
OMAA13L3_1LDImage2.png,0.9775340061430452,0.5391589506172839,1.0
OMAA13L3_1LDImage4.png,0.9905131320684176,0.5181123706259241,1.0
OMAA13L3_1LDImage5.png,0.9927759422075376,0.5212600732600733,1.0
OMAA13L3_2FNLImage2.png,0.7425742574257426,0.6913265306122449,1.0
OMAA13L3_2FNLImage6.png,0.9268578115857227,0.5921389396709323,1.0
OMAA13L3_2LDImage1.png,0.9813807531380753,0.5545561434450323,1.0
OMAA13L3_2LDImage4.png,0.989793462038419,0.5307779553539207,1.0
OMAA13L3_3FNLImage1.png,0.7268518518518519,0.7933884297520661,1.0
OMAA13L3_3FNLImage4.png,0.8617256637168141,0.6952380952380952,1.0
OMAA13L3_4FNLImage3.png,0.7700205338809035,0.7316666666666667,1.0
OMAA13L3_4FNLImage6.png,0.9436976921126046,0.587373343725643,1.0
OMAA13L3_5FNLImage1.png,0.625615763546798,0.7727272727272727,1.0
OMAA13L3_5FNLImage3.png,0.805327868852459,0.7333333333333333,1.0
OMAA13L3_5FNLImage4.png,0.8437856328392246,0.6810064935064936,1.0
OMAA13L3_5LDImage1.png,0.9832702298142115,0.5462512171372931,1.0
OMAA13L3_5LDImage3.png,0.9815851922164215,0.5430873180873181,1.0
OMAA13L3_6FNLImage5.png,0.9137489325362937,0.6537530266343826,1.0
OMAA13L3_7FNLImage5.png,0.8510998307952623,0.719187675070028,1.0
OMAA13L3_7FNLImage6.png,0.9067357512953368,0.6437098255280074,1.0
OMAA13L3_7LDImage3.png,0.9898778920308483,0.5330676833987903,1.0
OMAA13L3_8LDImage4.png,0.9881062999442483,0.528539488393503,1.0
OMAA13L3_8LDImage5.png,0.9606022287204615,0.920731819774626,0.0
PHJR29_1_1FNLImage2.png,0.7560975609756098,0.861244019138756,1.0
PHJR29_1_1FNLImage3.png,0.7797202797202797,0.7927631578947368,1.0
PHJR29_1_1FNLImage4.png,0.8329411764705882,0.6897163120567376,1.0
PHJR29_1_1FNLImage6.png,0.8198037466547725,0.6657496561210454,1.0
PHJR29_1_1LDImage1.png,0.9575693779904306,0.5141708196588469,1.0
PHJR29_1_1LDImage2.png,0.9005732484076433,0.5177439149110248,1.0
PHJR29_1_1LDImage4.png,0.6519174041297935,0.5137530361714698,1.0
PHJR29_1_2FNL1Image1.png,0.014705882352941176,0.0,0.0
PHJR29_1_2FNL1Image2.png,0.7315175097276264,0.8373015873015873,1.0
PHJR29_1_2LDImage3.png,0.7420894467031995,0.4500837078156666,1.0
PHJR29_1_3FNLImage5.png,0.7308558558558559,0.6445725264169068,1.0
PHJR29_1_4FNLImage1.png,0.8571428571428571,0.8502673796791443,1.0
PHJR29_1_4FNLImage2.png,0.75,0.7666666666666667,1.0
PHJR29_1_4FNLImage5.png,0.5918674698795181,0.621505376344086,1.0
PHJR29_1_4FNLImage6.png,0.5959885386819485,0.6977886977886978,1.0
PHJR29_1_4LDImage4.png,0.9218524975365724,0.5059044233807267,1.0
PHJR29_1_4LDImage5.png,0.8318868531018965,0.4523809523809524,1.0
PHJR29_1_5FNLImage1.png,0.7580645161290323,0.8181818181818182,1.0
PHJR29_1_5FNLImage4.png,0.6613756613756614,0.7553956834532374,1.0
PHJR29_1_5FNLImage5.png,0.7185430463576159,0.6706827309236948,1.0
PHJR29_1_5LDImage2.png,0.9530445859872612,0.5080172969488612,1.0
PHJR29_1_6FNLImage5.png,0.8018617021276596,0.7102473498233216,1.0
PHJR29_1_6LDImage2.png,0.9541632254673774,0.5163691793283178,1.0
PHJR29_1_6LDImage3.png,0.9077352318645372,0.5067808346422118,1.0
PHJR29_1_6LDImage4.png,0.8023060937185761,0.5072285774440312,1.0
PHJR29_1_7FNLImage6.png,0.4405311778290993,0.6963963963963964,1.0
PHJR29_1_7LDImage1.png,0.9517917281568093,0.503043934622882,1.0
PHJR29_1_7LDImage2.png,0.9610411525237824,0.5173629590207557,1.0
PHJR29_1_7LDImage4.png,0.7720020154517971,0.4555706465818825,1.0
PHJR29_1_8FNLImage2.png,0.7606635071090048,0.8125,1.0
PHJR29_1_8FNLImage5.png,0.9289121403292814,0.5779893587230468,1.0
PHJR29_1_9FNLImage2.png,0.757085020242915,0.7892976588628763,1.0
PHJR29_1_9LDImage1.png,0.9648513505031696,0.5113558004881626,1.0
PHJR29_1_9LDImage2.png,0.8611980648833238,0.5207613121302912,1.0
PHJR29_2_1FNLImage3.png,0.6292682926829268,0.7083333333333334,1.0
PHJR29_2_1FNLImage5.png,0.8047493403693932,0.70625,1.0
PHJR29_2_1FNLImage6.png,0.4375,0.5156118143459916,0.0
PHJR29_2_1FNLImage8.png,0.269853429344773,0.6192044509816461,1.0
PHNL08L1_1FNLImage1.png,0.6078431372549019,0.8058823529411765,1.0
PHNL08L1_1LDImage2.png,0.0,0.0,0.0
PHNL08L1_1LDImage3.png,0.9438820247110402,0.5848350046495262,1.0
PHNL08L1_2FNLImage3.png,0.689922480620155,0.7514792899408284,1.0
PHNL08L1_2LDImage1.png,0.8990239644500873,0.5629450264918127,0.0
PHNL08L1_3FNLImage4.png,0.695142378559464,0.6689895470383276,1.0
PHNL08L1_3FNLImage6.png,0.8485901103391909,0.5486778133523064,1.0
PHNL08L1_3LDImage2.png,0.7479448422169186,0.5924780526735834,1.0
PHNL08L1_3LDImage3.png,0.9064087534193044,0.528315515746894,0.0
PHNL08L1_4FNLImage3.png,0.8025889967637541,0.6172043010752688,1.0
PHNL08L1_5FNLImage1.png,0.6830985915492958,0.7529411764705882,1.0
PHNL08L1_5FNLImage2.png,0.6212121212121212,0.6784313725490196,1.0
PHNL08L1_5FNLImage6.png,0.7477586850952559,0.6075440299542366,1.0
PHNL08L1_6FNLImage1.png,0.7083333333333334,0.875,1.0
PHNL08L1_6FNLImage3.png,0.4963235294117647,0.6846153846153846,1.0
PHNL08L1_6LDImage1.png,0.7581308907473782,0.6027885202523916,1.0
PHNL08L1_7FNLImage3.png,0.6650246305418719,0.6685714285714286,1.0
PHNL08L1_7LDImage1.png,0.9180661577608142,0.6243540479660792,0.0
PHNL08L1_7LDImage3.png,0.21316648012764033,0.5293760768801418,1.0
PHNL08L1_7LDImage4.png,0.9039035454219888,0.5680379334601255,1.0
PHNL08L1_8FNLImage4.png,0.8989113530326595,0.6934950385887542,1.0
PHNL08L1_8LDImage2.png,0.7488476539416145,0.5996728016359918,1.0
PHNL08L2_1FNLImage1.png,0.5625,0.7823529411764706,1.0
PHNL08L2_1FNLImage7.png,0.9044073495856851,0.60973630831643,1.0
PHNL08L2_2FNLImage1.png,0.5912408759124088,0.711764705882353,1.0
PHNL08L2_2FNLImage3.png,0.6963696369636964,0.5757575757575758,1.0
PHNL08L2_2FNLImage4.png,0.6206896551724138,0.544611819235226,1.0
PHNL08L2_2FNLImage6.png,0.8021191294387171,0.4443655975021289,1.0
PHNL08L2_2LDImage2.png,0.9096959612766601,0.5898724002813223,1.0
PHNL08L2_2LDImage4.png,0.9059822150363783,0.5980015372790162,1.0
PHNL08L2_4FNLImage3.png,0.7133956386292835,0.6976744186046512,1.0
PHNL08L2_5FNLImage1.png,0.4765625,0.8666666666666667,1.0
PHNL08L2_5FNLImage2.png,0.6735751295336787,0.8277511961722488,1.0
PHNL08L2_5FNLImage6.png,0.7706592386258124,0.5678623872456472,1.0
PHNL08L3_1FNLImage1.png,0.5454545454545454,0.8214285714285714,1.0
PHNL08L3_1FNLImage5.png,0.7538461538461538,0.5266990291262136,1.0
PHNL08L3_1FNLImage6.png,0.8258258258258259,0.7010309278350515,0.0
PHNL08L3_2FNLImage1.png,0.5620437956204379,0.8357142857142857,1.0
PHNL08L3_2FNLImage6.png,0.5327835051546391,0.6207438449449973,1.0
PHNL08L3_4FNLImage3.png,0.1317365269461078,0.6888888888888889,0.0
PHNL08L3_5FNLImage4.png,0.5510204081632653,0.6293103448275862,1.0
PHNL08L4_1FNLImage1.png,0.5957446808510638,0.7219251336898396,1.0
PHNL08L4_1LDImage3.png,0.9210423512650229,0.5204060442446526,1.0
PHNL08L4_2FNLImage4.png,0.7681159420289855,0.7210526315789474,1.0
PHNL08L4_2FNLImage5.png,0.7215909090909091,0.6025641025641025,1.0
PHNL08L4_2LDImage5.png,0.81165605541174,0.4530366453697584,1.0
PHNL08L4_3FNLImage2.png,0.5987261146496815,0.7433155080213903,1.0
PHNL08L4_3FNLImage6.png,0.7028360049321825,0.5739644970414202,1.0
PHNL08L4_3FNLImage7.png,0.8021378708551483,0.522547770700637,1.0
PHNL08L4_4FNLImage2.png,0.6047904191616766,0.7368421052631579,1.0
PHNL08L4_4FNLImage4.png,0.7690058479532164,0.6159695817490495,1.0
PHNL08L4_4FNLImage6.png,0.7416086130462318,0.5338106603023071,1.0
PHNL08L4_4LDImage3.png,0.733059682043263,0.49417006021370646,1.0
PHNL08L4_5FNLImage2.png,0.6341463414634146,0.8333333333333334,1.0
PHNL08L4_5LDImage4.png,0.8373918401243001,0.5298410330657073,1.0
PHNL08L4_5LDImage6.png,0.8021805631814259,0.4530538182379739,1.0
PHNL08L4_5LDImage8.png,0.6111856361572593,0.5013344953428835,1.0
PHNL08L4_6FNLImage1.png,0.0,0.6171875,1.0
PHNL08L4_6FNLImage4.png,0.7118155619596542,0.6609808102345416,1.0
PHNL08L4_7FNLImage4.png,0.7372881355932204,0.6627450980392157,1.0
PHNL08L4_7FNLImage7.png,0.4902476529621237,0.41759988308153234,1.0
PHNL08L4_7LDImage2.png,0.193853671966412,0.5041323782947941,1.0
PHNL08L4_8FNLImage5.png,0.8602620087336245,0.582427536231884,1.0
PHNL08L4_8FNLImage6.png,0.8434965455091619,0.5389723872771758,1.0
PHNL08L5_1FNLImage1.png,0.5507246376811594,0.8384615384615385,1.0
PHNL08L5_2FNLImage1.png,0.5625,0.7133333333333334,1.0
PHNL08L5_2FNLImage5.png,0.7786377708978328,0.5277296360485269,1.0
PHNL08L5_3FNLImage1.png,0.6186440677966102,0.873015873015873,1.0
PHNL08L5_3FNLImage2.png,0.6225490196078431,0.6352459016393442,1.0
PHNL08L5_3LDImage1.png,0.7882612811612496,0.6850366636113657,0.0
PHNL08L5_3LDImage2.png,0.7473294553146483,0.6181040917418742,1.0
PHNL08L5_4FNLImage3.png,0.6872727272727273,0.7536231884057971,1.0
PHNL08L5_4FNLImage4.png,0.6585956416464891,0.5386779184247539,1.0
PHNL08L5_4FNLImage6.png,0.8634071475553606,0.5009651413648234,0.0
PHNL08R1_1FNLImage3.png,0.710204081632653,0.7564102564102564,1.0
PHNL08R1_1FNLImage6.png,0.7888888888888889,0.6875,1.0
PHNL08R1_1LDImage4.png,0.8865400876316396,0.46072088724584104,1.0
PHNL08R1_2FNLImage1.png,0.6903225806451613,0.6782178217821783,1.0
PHNL08R1_2LDImage1.png,0.9530830811495289,0.5278596087456847,1.0
PHNL08R1_2LDImage2.png,0.911326714801444,0.5195273515987812,1.0
PHNL08R1_3FNLImage2.png,0.6467391304347826,0.8888888888888888,1.0
PHNL08R1_3FNLImage4.png,0.7490909090909091,0.8044871794871795,1.0
PHNL08R1_3FNLImage5.png,0.7721179624664879,0.7320261437908496,1.0
PHNL08R1_4FNLImage2.png,0.7849462365591398,0.7714285714285715,1.0
PHNL08R1_4FNLImage5.png,0.8443877551020408,0.7254901960784313,1.0
PHNL08R1_4LDImage1.png,0.9601596217658158,0.515742572006638,1.0
PHNL08R1_6LDImage1.png,0.9586940444599121,0.5191739737631356,1.0
PHNL08R1_6LDImage2.png,0.9515045209743564,0.5182218870672058,1.0
PHNL08R1_6LDImage3.png,0.8571513107284454,0.5109436104453134,1.0
PHNL08R1_7FNLImage3.png,0.7649572649572649,0.7371794871794872,1.0
PHNL08R1_7FNLImage6.png,0.8270833333333333,0.7387096774193549,1.0
PHNL08R1_7LDImage1.png,0.962892670157068,0.5117449283264045,1.0
PHNL08R1_7LDImage2.png,0.9447313630587026,0.498079706111544,1.0
PHNL08R1_7LDImage4.png,0.2102874432677761,0.6187996711427789,1.0
PHNL08R1_8FNLImage3.png,0.7747035573122529,0.8166666666666667,1.0
PHNL08R1_8FNLImage6.png,0.9061976549413735,0.6466666666666666,1.0
PHNL08R2_1FNLImage4.png,0.8731060606060606,0.6790633608815427,1.0
PHNL08R2_2FNLImage5.png,0.8917410714285714,0.6741935483870968,1.0
PHNL08R2_3LDImage2.png,0.9896966811751904,0.523104796756718,1.0
PHNL08R2_4FNLImage4.png,0.8031634446397188,0.7300275482093664,1.0
PHNL08R2_4FNLImage5.png,0.9016216216216216,0.717948717948718,1.0
PHNL08R2_4LDImage2.png,0.9848719271101942,0.5079767483547156,1.0
PHNL08R2_4LDImage4.png,0.8658387932348012,0.5278122646693668,1.0
PHNL08R2_5FNLImage2.png,0.7878787878787878,0.7876923076923077,1.0
PHNL08R2_5LDImage5.png,0.792544146500981,0.42321530013255065,1.0
PHNL08R2_7FNLImage1.png,0.721875,0.7512315270935961,1.0
PHNL08R2_8FNLImage1.png,0.7294117647058823,0.7194029850746269,1.0
PHNL08R2_8LDImage3.png,0.37630689005343726,0.5157979194333776,1.0
PHNL26R1_1FNLImage1.png,0.7218543046357616,0.8194444444444444,1.0
PHNL26R1_1FNLImage4.png,0.8264604810996563,0.6782296650717703,1.0
PHNL26R1_1LDImage1.png,0.9852683882706977,0.5144639404662021,1.0
PHNL26R1_3FNLImage4.png,0.8159057437407953,0.7130434782608696,1.0
PHNL26R1_3LDImage4.png,0.7743927542198435,0.42715173025732034,1.0
PHNL26R1_4FNLImage4.png,0.8070175438596491,0.7121212121212122,1.0
PHNL26R1_5FNLImage5.png,0.9146245059288538,0.6096096096096096,1.0
PHNL26R1_6LDImage1.png,0.984440622375105,0.5147832623402656,1.0
PHNL26R1_8FNLImage2.png,0.8071216617210683,0.8977272727272727,1.0
PHNL26R1_8FNLImage3.png,0.8436724565756824,0.7447619047619047,1.0
PHNL26R1_8FNLImage4.png,0.8816666666666667,0.6830143540669856,1.0
PHNL26R1_8LDImage2.png,0.9874759365388445,0.5172760702143898,1.0
PHNL26R1_8LDImage3.png,0.11744016078932944,0.4365798414496036,1.0
PHNL26R2_1FNLImage1.png,0.7510373443983402,0.7867132867132867,1.0
PHNL26R2_1FNLImage2.png,0.7666666666666667,0.7692307692307693,1.0
PHNL26R2_1FNLImage3.png,0.796,0.8391608391608392,1.0
PHNL26R2_2FNLImage1.png,0.7569721115537849,0.8080808080808081,1.0
PHNL26R2_2FNLImage5.png,0.832010582010582,0.6999050332383666,1.0
PHNL26R2_2LDImage4.png,0.739830220713073,0.508937960042061,1.0
PHNL26R2_3FNLImage4.png,0.7900677200902935,0.756140350877193,1.0
PHNL26R2_3LDImage2.png,0.986720102444924,0.5134855155573643,1.0
PHNL26R2_3LDImage3.png,0.846127935817742,0.5241110650642354,1.0
PHNL26R2_4LDImage6.png,0.7870795107033639,0.5047356283972987,1.0
PHNL26R2_5FNLImage4.png,0.8462897526501767,0.5970819304152637,1.0
PHNL26R2_5LDImage2.png,0.8589403085177733,0.5261750263065591,1.0
PHNL26R2_5LDImage4.png,0.7410145061443223,0.4365617180984153,1.0
PHNL26R2_6FNLImage1.png,0.49122807017543857,0.7846153846153846,1.0
PHNL26R2_6FNLImage2.png,0.6724137931034483,0.7416666666666667,1.0
PHNL26R2_6FNLImage3.png,0.7642585551330798,0.7507246376811594,1.0
PHNL26R2_6LDImage1.png,0.9863565813848696,0.5137918448221921,1.0
PHNL26R2_8LDImage5.png,0.3845345058306251,0.2330019669342406,1.0
RJTT16L1_1FNLImage1.png,0.8940998487140696,0.7090301003344481,1.0
RJTT16L1_1LDImage2.png,0.9061606504646176,0.5286648618863947,1.0
RJTT16L1_1LDImage3.png,0.8916338665103425,0.5270464229647903,1.0
RJTT16L1_1LDImage4.png,0.7008491182233834,0.393121375724855,1.0
RJTT16L1_2FNLImage3.png,0.6114542887398517,0.5698829940695624,1.0
RJTT16L1_2LDImage1.png,0.7819508894044856,0.6004127698343342,1.0
RJTT16L1_3LDImage1.png,0.7347851591142396,0.6162762617725187,1.0
RJTT16L1_3LDImage3.png,0.5125176435628854,0.5195185209815788,1.0
RJTT16L2_1LDImage3.png,0.8155605670103093,0.4660492491452807,1.0
RJTT16L2_2LDImage4.png,0.916227083256483,0.5315751123345342,1.0
RJTT16L3_1FNLImage1.png,0.8793103448275862,0.6701149425287356,1.0
RJTT16L3_1FNLImage2.png,0.9190672153635117,0.6483253588516746,1.0
RJTT16L3_2FNLImage1.png,0.7933227344992051,0.713103448275862,1.0
RJTT16L3_2LDImage1.png,0.9420549581839904,0.532213418802461,1.0
RJTT16L3_2LDImage2.png,0.9730674902352621,0.5119400156357348,1.0
RJTT16L4_1FNLImage1.png,0.8106312292358804,0.7277777777777777,1.0
RJTT16L4_2LDImage1.png,0.8623935454952936,0.5202512176365035,1.0
RJTT16L4_2LDImage2.png,0.19068698391078573,0.5589705147426287,1.0
UHPP16_1_1FNLImage1.png,0.7788461538461539,0.6970954356846473,1.0
UHPP16_1_1LDImage3.png,0.6902173913043478,0.3730863980292099,1.0
UHPP16_1_2FNLImage2.png,0.8173652694610778,0.7766749379652605,1.0
UHPP16_1_3FNLImage2.png,0.8401253918495298,0.867816091954023,1.0
UHPP16_1_3LDImage1.png,0.31771322906233146,0.35257308941699433,1.0
UHPP16_1_3LDImage3.png,0.6767700409596256,0.4952523413111342,1.0
UHPP16_1_3LDImage4.png,0.5757700628412485,0.3370228612806455,1.0
UHPP16_1_4FNLImage3.png,0.8673684210526316,0.7483552631578947,1.0
UHPP16_1_4FNLImage6.png,0.9172115296067778,0.523331660812845,1.0
UHPP16_1_5FNLImage2.png,0.7866666666666666,0.754874651810585,1.0
UHPP16_1_5FNLImage3.png,0.7871900826446281,0.7385964912280701,1.0
UHPP16_1_5FNLImage4.png,0.8864142538975501,0.6762820512820513,1.0
UHPP16_1_6FNLImage3.png,0.8218623481781376,0.7058823529411765,1.0
UHPP16_1_7FNLImage5.png,0.9194580353782461,0.6147058823529412,1.0
VCAA05_1_1LDImage2.png,0.44951079933542554,0.49492461359391493,1.0
VCAA05_1_1LDImage3.png,0.568412734251524,0.42312579415501905,1.0
VCAA05_1_2FNLImage1.png,0.7858719646799117,0.6546310832025117,1.0
VCAA05_1_2FNLImage3.png,0.8220448662640207,0.6454270342972428,1.0
VCAA05_1_3FNLImage3.png,0.8598237133920955,0.615921091959749,1.0
VCAA05_1_3LDImage2.png,0.35321919966390086,0.5597737085008189,1.0
VCAA05_1_4LDImage3.png,0.15921041986894263,0.5248771498771498,1.0
VCCA23_1_2FNLImage3.png,0.8921568627450981,0.663067926225821,1.0
VCCA23_1_3FNLImage1.png,0.6666666666666666,0.6951566951566952,1.0
VCCA23_1_4FNLImage2.png,0.8285198555956679,0.7277777777777777,1.0
VCCA23_1_4FNLImage3.png,0.9336219336219336,0.6781781781781782,1.0
VCCA23_1_4LDImage2.png,0.4273050836075482,0.6427852686657275,1.0
VDSR05_1_1LDImage1.png,0.9834644619282571,0.52481866021903,1.0
VDSR05_1_1LDImage2.png,0.988897019859194,0.515982636148382,1.0
VDSR05_1_2FNLImage1.png,0.7355371900826446,0.8814814814814815,1.0
VDSR05_1_2FNLImage3.png,0.8055555555555556,0.7546296296296297,1.0
VDSR05_1_2FNLImage4.png,0.8311111111111111,0.8571428571428571,1.0
VDSR05_1_2FNLImage5.png,0.8653846153846154,0.7777777777777778,1.0
VDSR05_1_2LDImage2.png,0.9855314588324297,0.518536941238891,1.0
VDSR05_1_3FNLImage1.png,0.0,0.0,0.0
VDSR05_1_3FNLImage4.png,0.8301158301158301,0.8932806324110671,1.0
VDSR05_1_3LDImage2.png,0.9313595419314293,0.4715997793245924,1.0
VDSR05_1_4LDImage3.png,0.847208590728018,0.5158536585365854,1.0
VDSR05_1_5FNLImage2.png,0.7455621301775148,0.84,1.0
VDSR05_1_5FNLImage4.png,0.857707509881423,0.7789115646258503,1.0
VDSR05_1_5LDImage2.png,0.9889177530446388,0.5140827640827641,1.0
VDSR05_1_6FNLImage6.png,0.8479923518164436,0.6230867346938775,1.0
VDSR05_1_6LDImage3.png,0.8937852375089106,0.5047595064215563,1.0
VDSR05_1_7FNLImage4.png,0.8375,0.7972027972027972,1.0
VDSR05_1_7FNLImage5.png,0.8723958333333334,0.7137330754352031,1.0
VDSR05_1_7LDImage2.png,0.9732571372025135,0.5063255299159599,1.0
VDSR05_1_8FNLImage1.png,0.632183908045977,0.7094017094017094,1.0
VDSR05_1_8FNLImage2.png,0.4972972972972973,0.7708333333333334,1.0
VDSR05_1_8FNLImage4.png,0.782051282051282,0.8351648351648352,1.0
VDSR05_1_8LDImage1.png,0.49860347779079195,0.5648071965333772,1.0
VHHH07L1_1FNLImage1.png,0.0,0.0,0.0
VHHH07L1_1FNLImage2.png,0.5974025974025974,0.7156862745098039,1.0
VHHH07L1_1FNLImage3.png,0.6959247648902821,0.6065217391304348,1.0
VHHH07L1_1FNLImage4.png,0.8533604887983707,0.6117804551539491,1.0
VHHH07L1_1FNLImage6.png,0.9516660563896009,0.5444585341110829,1.0
VHHH07L1_1LDImage1.png,0.9941674696962013,0.5197838868584141,1.0
VHHH07L1_1LDImage3.png,0.8900607843681478,0.5144145764032485,1.0
VHHH07L1_2FNLImage1.png,0.0,0.0,0.0
VHHH07L1_2FNLImage4.png,0.873358348968105,0.7212765957446808,1.0
VHHH07L1_2LDImage5.png,0.5348930615523647,0.4356530028598665,1.0
VHHH07L1_3FNLImage1.png,0.0,0.6771428571428572,1.0
VHHH07L1_3LDImage1.png,0.9474301213681501,0.5237362637362637,1.0
VHHH07L1_3LDImage3.png,0.8573573573573574,0.527957755041776,1.0
VHHH07L1_4FNLImage6.png,0.9712370505789153,0.5346976559658809,1.0
VHHH07L1_5FNLImage1.png,0.0,0.0,0.0
VHHH07L1_5FNLImage3.png,0.7529880478087649,0.7301587301587301,1.0
VHHH07L1_5FNLImage5.png,0.8912415784408084,0.7054698457223001,1.0
VHHH07L1_6FNLImage4.png,0.8432510885341074,0.6872427983539094,1.0
VHHH07L1_6FNLImage6.png,0.9916077252904313,0.5282412099477665,1.0
VHHH07L1_7FNLImage1.png,0.0,0.7708333333333334,1.0
VHHH07L1_7FNLImage2.png,0.0,0.5925925925925926,1.0
VHHH07L1_7FNLImage3.png,0.947908355180668,0.5846828609986505,1.0
VHHH07L1_7LDImage3.png,0.937540094477168,0.5090772601228686,1.0
VHHH07L1_7LDImage4.png,0.8569644989686245,0.47284449462237804,1.0
VHHH07L1_8FNLImage5.png,0.8710725893824486,0.6424908424908425,1.0
VHHH07L1_8LDImage3.png,0.4749835418038183,0.42903897649509076,1.0
VHHH07L1_8LDImage5.png,0.17432347388294525,0.5833333333333334,1.0
VHHH07L1_9FNLImage4.png,0.6679920477137177,0.6489795918367347,1.0
VHHH07L1_9LDImage2.png,0.9920988484491888,0.5152004187202861,1.0
VHHH07L1_9LDImage3.png,0.949472014006675,0.5044613492721709,1.0
VHHH07L1_9LDImage5.png,0.7888073119568475,0.4758161066326123,1.0
VHHH25R1_1FNLImage1.png,0.6761904761904762,0.6890459363957597,1.0
VHHH25R1_1FNLImage3.png,0.6797583081570997,0.6153846153846154,1.0
VHHH25R1_1LDImage3.png,0.8713897163579847,0.5208219571777555,1.0
VHHH25R1_2FNLImage2.png,0.36548223350253806,0.6174055829228243,1.0
VHHH25R1_2FNLImage3.png,0.5071633237822349,0.5820610687022901,1.0
VHHH25R1_2LDImage2.png,0.9851931058230785,0.5153439854606036,1.0
VHHH25R1_2LDImage3.png,0.8814654515529275,0.46689745389573095,1.0
VHHH25R1_2LDImage5.png,0.18116837274973527,0.6431254695717505,1.0
VHHH25R1_3FNLImage1.png,0.5352697095435685,0.7465277777777778,1.0
VHHH25R1_3FNLImage4.png,0.7362385321100917,0.7105263157894737,1.0
VHHH25R1_3FNLImage6.png,0.8750664540138224,0.553831231813773,1.0
VHHH25R1_3LDImage1.png,0.9939246310359651,0.5148444444444444,1.0
VHHH25R1_3LDImage2.png,0.9841092268185401,0.5184993084370678,1.0
VHHH25R1_4FNLImage4.png,0.7390243902439024,0.7251082251082251,1.0
VHHH25R1_4LDImage1.png,0.9442290651307045,0.49101664787171007,1.0
VHHH25R1_4LDImage2.png,0.9891739362977444,0.5163361008610086,1.0
VHHH25R1_5FNLImage4.png,0.6361746361746362,0.6536312849162011,1.0
VHHH25R1_5FNLImage5.png,0.7451984635083226,0.696068012752391,1.0
VHHH25R1_5LDImage4.png,0.7754178078363423,0.5634923287762811,1.0
VHHH25R1_6LDImage1.png,0.889087966709051,0.5232618762842335,1.0
VHHH25R1_8FNLImage4.png,0.7682119205298014,0.625920471281296,1.0
VHHH25R1_8FNLImage5.png,0.5786924939467313,0.5583913379737045,1.0
VHHH25R1_8LDImage1.png,0.45124552124210887,0.49861287440635726,1.0
VHHH25R1_8LDImage2.png,0.5361875637104995,0.4041752947639775,1.0
VHHH25R1_8LDImage3.png,0.6115148762207586,0.44981736902360575,1.0
VHHH25R1_8LDImage4.png,0.2056171089925277,0.6072,1.0
VHHH25R1_9FNLImage1.png,0.0,0.5221238938053098,1.0
VHHH25R1_9FNLImage4.png,0.5958005249343832,0.6246913580246913,1.0
VHHH25R1_9LDImage1.png,0.9700259836674091,0.5945161110180376,1.0
VHHH25R1_9LDImage5.png,0.09888259605081892,0.47901821060965954,1.0
VHHH25R2_1FNLImage1.png,0.6,0.7647058823529411,1.0
VHHH25R2_1FNLImage2.png,0.6290322580645161,0.8181818181818182,1.0
VHHH25R2_1FNLImage8.png,0.9181127982646421,0.6320987654320988,1.0
VHHH25R2_1FNLImage9.png,0.9883557361675523,0.5463225806451613,1.0
VHHH25R2_1LDImage1.png,0.9550070439070204,0.558466796220599,1.0
VHHH25R2_3FNLImage4.png,0.7129186602870813,0.7435897435897436,1.0
VHHH25R2_3FNLImage5.png,0.7634069400630915,0.677570093457944,1.0
VHHH25R2_3FNLImage6.png,0.8459530026109661,0.7023809523809523,1.0
VHHH25R2_3LDImage1.png,0.8963872476612507,0.491294524189261,1.0
VHHH25R2_3LDImage4.png,0.7117932148626818,0.5457364341085271,1.0
VHHH25R2_4FNLImage1.png,0.6076923076923076,0.7642857142857142,1.0
VHHH25R2_4FNLImage5.png,0.73,0.6726190476190477,1.0
VHHH25R2_4FNLImage7.png,0.7744063324538258,0.6844660194174758,1.0
VHHH25R2_5FNLImage2.png,0.5555555555555556,0.8383838383838383,1.0
VHHH25R2_5FNLImage4.png,0.695852534562212,0.8015873015873016,1.0
VHHH25R2_5FNLImage5.png,0.6729559748427673,0.6818181818181818,1.0
VHHH25R2_5FNLImage7.png,0.7764550264550265,0.6228467815049864,1.0
VHHH25R2_5FNLImage9.png,0.9786131386861314,0.5437575757575758,1.0
VHHH25R2_5LDImage4.png,0.6186010591350397,0.5470584541972751,1.0
VHHH25R2_7FNLImage1.png,0.0,0.7072,1.0
VHHH25R2_7FNLImage2.png,0.7891061452513967,0.638395124428644,1.0
VHHH25R2_7LDImage1.png,0.6137450932286556,0.4788137581530665,1.0
VHHH25R2_8FNLImage8.png,0.9081701553004726,0.6040695209834676,1.0
VHHH25R2_9FNLImage2.png,0.0,0.0,0.0
VHHH25R2_9FNLImage3.png,0.22435897435897437,0.75,1.0
VHHH25R2_9FNLImage4.png,0.0,0.0,0.0
VHHH25R2_9FNLImage7.png,0.7224264705882353,0.6405594405594406,0.0
VHHH25R2_9FNLImage8.png,0.6139564660691421,0.6064981949458483,1.0
VHHH25R2_9FNLImage9.png,0.9495204442200909,0.5559495665878644,1.0
VHHH25R2_9LDImage2.png,0.9722462839125463,0.5345175154996006,1.0
VHHH25R2_9LDImage4.png,0.0021411192214111923,0.0,0.0
VIDP10_1_1FNLImage3.png,0.7030075187969925,0.6363636363636364,1.0
VIDP10_1_1FNLImage4.png,0.5267175572519084,0.49786628733997157,1.0
VIDP10_1_1LDImage2.png,0.6198014184397164,0.6002347328966796,1.0
VIDP10_1_2LDImage1.png,0.7791686348606519,0.5971661521412175,1.0
VIDP10_1_3FNLImage3.png,0.6334841628959276,0.5902777777777778,0.0
VIDP10_1_3FNLImage6.png,0.003143336127409891,0.6650563607085346,1.0
VIDP10_1_4FNLImage5.png,0.6702253855278766,0.5734767025089605,1.0
VIDP10_1_4LDImage2.png,0.4481236203090508,0.5753657262277951,1.0
VIDP10_1_4LDImage5.png,0.7604061871227364,0.5264262397015389,1.0
VIDP10_1_5FNLImage3.png,0.6584507042253521,0.6675461741424802,0.0
VIDP10_1_5FNLImage4.png,0.7389937106918238,0.6516129032258065,0.0
VIDP10_1_5FNLImage5.png,0.6969026548672567,0.6410256410256411,0.0
VIDP10_1_6FNLImage7.png,0.6311224489795918,0.6412037037037037,1.0
VIDP10_1_7FNLImage1.png,0.0,0.6933333333333334,1.0
VIDP10_1_7FNLImage2.png,0.7802197802197802,0.6935483870967742,1.0
VIDP10_1_7FNLImage3.png,0.7370517928286853,0.6573208722741433,1.0
VIDP10_1_7FNLImage4.png,0.8305084745762712,0.73125,1.0
VIDP10_1_7LDImage1.png,0.5519797809604043,0.5647428964703569,1.0
VIDP10_1_7LDImage3.png,0.35894904700432834,0.3770123839009288,1.0
VIDP10_1_7LDImage4.png,0.8007503949447078,0.5307661334602292,1.0
VIDP10_1_8FNLImage2.png,0.0,0.0,0.0
VIDP10_1_8LDImage3.png,0.6591812865497076,0.6104972375690608,1.0
VIDP10_1_9FNLImage4.png,0.7795527156549521,0.6810933940774487,0.0
VIDP10_1_9FNLImage5.png,0.48777648428405124,0.5696926375982845,0.0
VIDP10_2_1FNLImage1.png,0.6493506493506493,0.8271604938271605,1.0
VIDP10_2_1FNLImage4.png,0.7347560975609756,0.7357142857142858,1.0
VIDP10_2_1FNLImage6.png,0.9018595041322314,0.6212121212121212,1.0
VIDP10_2_2FNLImage1.png,0.7383720930232558,0.78,1.0
VIDP10_2_2FNLImage3.png,0.6543778801843319,0.6891891891891891,1.0
VIDP10_2_2FNLImage4.png,0.7175792507204611,0.7851851851851852,1.0
VIDP10_2_2FNLImage5.png,0.737527114967462,0.6771523178807947,1.0
VIDP10_2_2LDImage1.png,0.0,0.0,0.0
VIDP10_2_3LDImage1.png,0.0,0.0,0.0
VIDP10_2_3LDImage2.png,0.4966292134831461,0.5365853658536586,1.0
VIDP10_2_3LDImage4.png,0.0,0.0,0.0
VIDP10_2_4FNLImage1.png,0.7297297297297297,0.8055555555555556,1.0
VIDP10_2_4FNLImage3.png,0.7511111111111111,0.6956521739130435,1.0
VIDP10_2_4FNLImage4.png,0.8012048192771084,0.7738095238095238,1.0
VIDP10_2_4FNLImage6.png,0.334020618556701,0.6355704697986577,0.0
VIDP10_2_4LDImage3.png,0.6489946541635598,0.6732895100477714,1.0
VIDP10_2_4LDImage5.png,0.0,0.0,0.0
VIDP10_2_5FNLImage3.png,0.6788617886178862,0.6796407185628742,1.0
VIDP10_2_5LDImage3.png,0.0,0.8333333333333334,1.0
VIDP10_2_6FNLImage1.png,0.631578947368421,0.7925925925925926,1.0
VIDP10_2_6FNLImage5.png,0.7132701421800948,0.6308943089430894,1.0
VIDP10_2_6LDImage2.png,0.07236359664861998,0.40449548488417747,1.0
VIDP10_2_6LDImage3.png,0.0,0.0,0.0
VIDP10_2_7FNLImage2.png,0.79375,0.8157894736842105,1.0
VIDP10_2_7FNLImage3.png,0.7429906542056075,0.6904761904761905,1.0
VIDP10_2_7FNLImage4.png,0.7597402597402597,0.7076923076923077,1.0
VIDP10_2_7LDImage3.png,0.0,0.0,0.0
VIDP10_2_9FNLImage2.png,0.7086614173228346,0.6953846153846154,0.0
VIDP10_2_9FNLImage3.png,0.7515723270440252,0.8611111111111112,1.0
VIDP10_2_9LDImage1.png,0.3728795476368292,0.5549245254819908,1.0
VIDP10_2_9LDImage2.png,0.0,0.0,0.0
VIDP28_1_1FNLImage1.png,0.7485029940119761,0.8449197860962567,1.0
VIDP28_1_1LDImage3.png,0.9677467908056852,0.5160835850502683,1.0
VIDP28_1_1LDImage4.png,0.948765216285796,0.5095924870031863,1.0
VIDP28_1_2FNLImage1.png,0.6445783132530121,0.7647058823529411,1.0
VIDP28_1_2FNLImage2.png,0.7777777777777778,0.7652173913043478,1.0
VIDP28_1_3FNLImage3.png,0.8140703517587939,0.6670480549199085,1.0
VIDP28_1_3LDImage1.png,0.9161631703381243,0.742608755649084,0.0
VIDP28_1_3LDImage5.png,0.6164205039096438,0.3990971853425385,1.0
VIDP28_1_4FNLImage2.png,0.7816593886462883,0.7765567765567766,1.0
VIDP28_1_4FNLImage4.png,0.8643835616438356,0.611541774332472,1.0
VIDP28_1_4LDImage1.png,0.7342598441777216,0.5820819163983267,1.0
VIDP28_1_4LDImage6.png,0.6553056921995783,0.571954425942156,1.0
VIDP28_1_6FNLImage1.png,0.7560975609756098,0.7307692307692307,1.0
VIDP28_1_6FNLImage2.png,0.7638376383763837,0.7277777777777777,1.0
VIDP28_1_6FNLImage5.png,0.9292320929232093,0.5637127672722778,1.0
VIDP28_1_6LDImage4.png,0.9374550326246062,0.5117156186346015,1.0
VIDP28_1_6LDImage6.png,0.485484116127071,0.3859776304888152,1.0
VIDP28_1_7FNLImage2.png,0.7426470588235294,0.7166666666666667,1.0
VIDP28_1_7LDImage2.png,0.9853199939671208,0.525400641025641,1.0
VIDP28_1_8FNLImage2.png,0.8272425249169435,0.7243107769423559,1.0
VIDP28_1_8LDImage5.png,0.9489261393399686,0.4963277975339419,1.0
VIDP28_1_8LDImage7.png,0.42980096826250674,0.6200543642404107,1.0
VIDP28_1_9FNLImage4.png,0.9456342668863262,0.6140443505807814,1.0
VIDP28_1_9LDImage3.png,0.1655998299359898,0.399632256369845,1.0
YBAS12_1_1FNLImage5.png,0.806910569105691,0.6992592592592592,1.0
YBAS12_1_2FNLImage5.png,0.7716346153846154,0.6713286713286714,1.0
YBAS12_1_2FNLImage6.png,0.8222862632084534,0.6933797909407665,1.0
YBAS12_1_3FNLImage3.png,0.6881720430107527,0.7016129032258065,1.0
YBAS12_1_3FNLImage5.png,0.7975708502024291,0.728,1.0
YBAS12_1_3LDImage1.png,0.15630252100840336,0.35495028102031995,1.0
YBAS12_1_3LDImage3.png,0.10724890829694324,0.4388014220416455,1.0
YBAS12_1_4FNLImage4.png,0.7361702127659574,0.7333333333333333,1.0
YBAS12_1_4FNLImage5.png,0.7052154195011338,0.732484076433121,1.0
YBAS12_1_5FNLImage1.png,0.7741935483870968,0.8235294117647058,1.0
YBAS12_1_5FNLImage3.png,0.8056872037914692,0.8268398268398268,1.0
YBAS12_1_5FNLImage5.png,0.828125,0.7266313932980599,1.0
YBAS12_1_6FNLImage4.png,0.8109243697478992,0.7678571428571429,1.0
YBAS12_1_6FNLImage5.png,0.8337349397590361,0.6905594405594405,1.0
YBAS12_1_6FNLImage6.png,0.8003341687552213,0.6337719298245614,1.0
YBAS12_1_6LDImage2.png,0.7060637977730966,0.3683609800639172,1.0
YBAS12_1_7FNLImage4.png,0.8571428571428571,0.7129629629629629,1.0
YBAS12_1_7LDImage1.png,0.5997140814867763,0.5663131800027544,1.0
YBAS12_1_8FNLImage1.png,0.28735632183908044,0.5355191256830601,1.0
YBAS12_1_8LDImage1.png,0.3892766968661815,0.3609571447884277,1.0
YBAS12_1_9FNLImage2.png,0.6698564593301436,0.7321428571428571,1.0
YBAS12_1_9FNLImage3.png,0.7923728813559322,0.6494252873563219,1.0
YBAS12_1_9LDImage2.png,0.0043499275012083135,0.0,0.0
YSSY16L1_1LDImage1.png,0.7799543908183484,0.5042402402402403,1.0
YSSY16L1_1LDImage2.png,0.08097187376204938,0.5242519662802355,1.0
YSSY16L1_2LDImage1.png,0.5837325946998053,0.49391758086316917,1.0
YSSY16L1_3FNLImage1.png,0.7327188940092166,0.7982456140350878,1.0
YSSY16L1_3FNLImage2.png,0.7546174142480211,0.7362924281984334,1.0
YSSY16L1_3FNLImage3.png,0.7703488372093024,0.6796482412060302,1.0
YSSY16L1_3LDImage2.png,0.0736225414981169,0.4689629221486071,1.0
YSSY16L1_3LDImage3.png,0.00039767256896479554,0.5500835797865501,1.0
YSSY16L1_4LDImage2.png,0.923384067997628,0.553573116551659,1.0
YSSY16L1_4LDImage4.png,0.002384895660814839,0.4841856974375469,1.0
YSSY16R1_1LDImage2.png,0.9842254978019136,0.5169507575757576,1.0
YSSY16R1_2FNLImage1.png,0.7272727272727273,0.7547619047619047,1.0
YSSY16R1_2FNLImage3.png,0.8141163793103449,0.6613737075332349,1.0
YSSY16R1_2LDImage1.png,0.9881513947182706,0.5243390888693786,1.0
YSSY16R1_2LDImage3.png,0.9598542994666319,0.5064913988964622,1.0
YSSY16R1_2LDImage4.png,0.02421129860601614,0.27773097444538053,1.0
YSSY16R1_2LDImage6.png,0.00347900390625,0.45684643591807533,1.0
YSSY16R1_3FNLImage2.png,0.8324514991181657,0.8414634146341463,1.0
YSSY16R1_3LDImage1.png,0.9856284115249084,0.5225082724264573,1.0
YSSY16R1_3LDImage4.png,0.007398568019093079,0.35423100679431746,1.0
YSSY16R1_4LDImage5.png,0.0,0.6044077134986225,1.0
YSSY16R1_5LDImage1.png,0.9907873557313607,0.5202952029520295,1.0
YSSY16R1_5LDImage3.png,0.08208687863860277,0.3135123837391577,1.0
YSSY34R1_1FNLImage1.png,0.7350746268656716,0.6747720364741642,1.0
YSSY34R1_1FNLImage2.png,0.7923497267759563,0.65,1.0
YSSY34R1_1FNLImage3.png,0.7446043165467626,0.6283870967741936,1.0
YSSY34R1_1LDImage2.png,0.9607481446527391,0.52593808630394,1.0
YSSY34R1_2FNLImage4.png,0.7368421052631579,0.6057851239669422,1.0
YSSY34R1_3LDImage2.png,0.9375812743823146,0.5516150152771715,1.0
YSSY34R1_3LDImage4.png,0.8584544077012212,0.5602713178294574,1.0
YSSY34R1_4FNLImage2.png,0.6928104575163399,0.726962457337884,1.0
YSSY34R1_4LDImage4.png,0.8738745554967088,0.5544855671337885,1.0
YSSY34R1_5FNLImage1.png,0.03496743229345218,0.6910112359550562,1.0
YSSY34R1_5LDImage5.png,0.39169017696845343,0.7878931469525559,0.0
YSSY34R1_5LDImage6.png,0.29152094782670757,0.6443541835905767,0.0
ZSNB13_1_2FNLImage5.png,0.8527131782945736,0.7069943289224953,0.0
ZSNB13_1_2FNLImage6.png,0.8044198895027624,0.6563677467972872,0.0
ZSNB13_1_2LDImage2.png,0.9772638791559605,0.6117143141747186,0.0
ZSNB13_1_3FNLImage4.png,0.5882352941176471,0.6698564593301436,0.0
ZSNB13_1_3FNLImage7.png,0.8907208588957055,0.5941148995796357,1.0
ZSNB13_1_3LDImage4.png,0.8797742318791376,0.6069990236758603,0.0
ZSNB13_1_3LDImage5.png,0.5936323273197325,0.4627637431256984,1.0
ZSNB13_1_3LDImage6.png,0.8290694922830174,0.652959295929593,0.0
ZSNB31_1_1FNLImage6.png,0.8683886838868389,0.6428571428571429,1.0
ZSNB31_1_2FNLImage1.png,0.8292682926829268,0.7794117647058824,1.0
ZSNB31_1_3FNLImage3.png,0.7682403433476395,0.7137681159420289,1.0
ZSNB31_2_1FNLImage1.png,0.7058823529411765,0.7222222222222222,1.0
ZSNB31_2_1FNLImage2.png,0.7215189873417721,0.6266666666666667,0.0
ZSNB31_2_1FNLImage6.png,0.9569468267581475,0.5861574690283609,1.0
ZSNB31_2_1LDImage2.png,0.9719070772555376,0.5572763278155783,1.0
ZSNB31_2_1LDImage3.png,0.9860356865787432,0.5515295423707907,1.0
ZSNB31_2_1LDImage6.png,0.9557367501456028,0.6909993057540736,0.0
ZSNB31_2_2FNLImage4.png,0.7889087656529516,0.6062992125984252,0.0
ZSNB31_2_2FNLImage5.png,0.8684907325684025,0.5843137254901961,1.0
ZSNB31_2_2LDImage1.png,0.9648801343716598,0.5748320644872369,1.0
ZSNB31_2_2LDImage3.png,0.9716350992771525,0.5521739130434783,1.0
ZSNB31_2_3FNLImage2.png,0.66,0.625,0.0
ZSNB31_2_3FNLImage3.png,0.647239263803681,0.6063348416289592,0.0
ZSNB31_2_3FNLImage4.png,0.6963979416809606,0.6995768688293371,0.0
ZSNB31_2_3LDImage1.png,0.9099829351535836,0.6428006329113924,1.0
ZSNB31_2_3LDImage2.png,0.7389227911912974,0.6522889348976305,1.0
ZSNB31_2_3LDImage4.png,0.8752711997414947,0.5811655637217529,1.0
ZSNB31_2_3LDImage5.png,0.8974905390013594,0.5682097691147465,1.0
ZSNB31_3_1FNLImage1.png,0.7536231884057971,0.6722222222222223,1.0
ZSNB31_3_1FNLImage4.png,0.752895752895753,0.697452229299363,0.0
ZSNB31_3_1LDImage2.png,0.9791510798543568,0.5260098574949106,1.0
ZSNB31_3_1LDImage5.png,0.9458522950403104,0.49843128802030945,1.0
ZSNB31_3_2FNLImage2.png,0.7865168539325843,0.815,1.0
ZSNB31_3_2FNLImage4.png,0.8134328358208955,0.6934097421203438,0.0
ZSNB31_3_2LDImage3.png,0.9327531952915582,0.49752485169151833,1.0
ZSNB31_3_3FNLImage1.png,0.7027027027027027,0.8333333333333334,1.0
ZSNB31_3_3FNLImage5.png,0.7961783439490446,0.6842105263157895,1.0
ZSNB31_3_3LDImage3.png,0.3555065107040388,0.3780556336049452,1.0
ZSNB31_3_3LDImage4.png,0.6722180586782136,0.5005997931747673,1.0
ZUUU02L1_1FNLImage3.png,0.7306273062730627,0.6539509536784741,1.0
ZUUU02L1_1LDImage1.png,0.9768675848089191,0.5465867465867466,1.0
ZUUU02L1_1LDImage2.png,0.9725589395932409,0.5264481191374142,1.0
ZUUU02L1_1LDImage3.png,0.24480119379994222,0.32221919487773315,1.0
ZUUU02R1_1LDImage3.png,0.48095810260160904,0.513411603393607,1.0
ZUUU02R2_1FNLImage1.png,0.790273556231003,0.683046683046683,1.0
ZUXJ02_1_1FNLImage4.png,0.24538258575197888,0.5498281786941581,1.0
ZUXJ02_1_1FNLImage5.png,0.8314917127071824,0.7619047619047619,1.0
ZUXJ02_1_1FNLImage6.png,0.35904255319148937,0.5832369942196531,0.0
ZUXJ02_1_1LDImage2.png,0.11086717892425905,0.5196124618504332,1.0
ZUXJ02_1_1LDImage5.png,0.7902686264571718,0.5550210642684275,1.0
ZUXJ02_1_2FNLImage1.png,0.56875,0.6949152542372882,1.0
ZUXJ02_1_2LDImage2.png,0.8875579322638146,0.48654638774399256,1.0
ZUXJ02_1_2LDImage5.png,0.7720410797463382,0.5737710958803154,1.0
ZUXJ02_1_3FNLImage1.png,0.49606299212598426,0.6544502617801047,1.0
ZUXJ02_1_3LDImage3.png,0.9194588732233575,0.49687481573205966,1.0
ZUXJ02_1_4FNLImage4.png,0.8144927536231884,0.715,1.0
ZUXJ02_1_6FNLImage4.png,0.7043795620437956,0.7625418060200669,1.0
ZUXJ02_1_7FNLImage2.png,0.6953125,0.6385135135135135,1.0
ZUXJ02_1_7FNLImage4.png,0.8349159970781592,0.6016859852476291,1.0
ZUXJ02_1_7LDImage2.png,0.9335459861775651,0.5040044910179641,1.0
ZUXJ02_1_8FNLImage4.png,0.8363636363636363,0.6228315612758814,1.0
ZUXJ02_1_8LDImage2.png,0.9393100584754853,0.5052759292621052,1.0
ZUXJ02_1_9FNLImage1.png,0.4077669902912621,0.5480769230769231,1.0
ZUXJ02_1_9FNLImage3.png,0.0,0.6666666666666666,1.0
ZUXJ02_1_9LDImage2.png,0.9387329632814739,0.5132156174599692,1.0
Mean Score,0.6999743060894653,0.607144493947952,0.89875
